game_id,game_date,samsung_win,samsung_elo,opponent_elo,rest_diff,samsung_form,opponent_form,samsung_pythagorean,opponent_pythagorean
20220402_삼성_KT,2022-04-02,0,1500.0,1500.0,0,0.0,0.0,0.5,0.5
20220403_삼성_KT,2022-04-03,1,1490.0,1510.0,0,0.0,1.0,0.058823529411764705,0.9411764705882353
20220405_삼성_두산,2022-04-05,1,1500.5750112778453,1519.4249887221547,0,0.5,1.0,0.3769230769230769,0.7538461538461538
20220406_삼성_두산,2022-04-06,1,1511.1170255281338,1508.8829744718662,0,0.6666666666666666,0.6666666666666666,0.46301369863013697,0.5901639344262295
20220407_삼성_두산,2022-04-07,0,1521.0527252560867,1498.9472747439133,0,0.75,0.5,0.64,0.36899563318777295
20220408_키움_삼성,2022-04-08,0,1510.417336384919,1473.7865438475876,0,0.6,0.2,0.5863039399624765,0.15181932245922208
20220409_키움_삼성,2022-04-09,0,1499.3669066949174,1484.8369735375893,0,0.5,0.3333333333333333,0.563570784490532,0.17560975609756097
20220410_키움_삼성,2022-04-10,0,1488.9489452381436,1495.254934994363,0,0.42857142857142855,0.42857142857142855,0.5,0.24972253052164262
20220412_한화_삼성,2022-04-12,1,1479.1304262855026,1464.4679262565148,0,0.375,0.25,0.4836109618484686,0.41857981847303793
20220413_한화_삼성,2022-04-13,1,1488.7086559738814,1454.889696568136,0,0.4444444444444444,0.2222222222222222,0.5158690176322418,0.3902439024390244
20220414_한화_삼성,2022-04-14,1,1497.7383307014238,1445.8600218405936,0,0.5,0.2,0.654054054054054,0.2757377049180328
20220415_삼성_SSG,2022-04-15,0,1506.2561520569536,1578.08514778203,0,0.6,0.9,0.6882158310002545,0.8400444321021938
20220416_삼성_SSG,2022-04-16,0,1498.2945970129792,1586.0467028260043,0,0.5,0.9,0.6282527881040892,0.8620689655172413
20220417_삼성_SSG,2022-04-17,0,1490.7679348746715,1593.573364964312,0,0.4,0.9,0.5794912559618441,0.8656597774244833
20220419_삼성_NC,2022-04-19,0,1483.6434756699775,1435.50223444043,0,0.3,0.2,0.5534181240063593,0.22075815933509021
20220420_삼성_NC,2022-04-20,0,1472.266659421719,1446.8790506886885,0,0.3,0.3,0.5228887594641817,0.2832065535400819
20220421_삼성_NC,2022-04-21,1,1461.5372430649647,1457.6084670454427,0,0.3,0.3,0.5,0.3107328738219159
20220422_롯데_삼성,2022-04-22,0,1471.4241686208,1488.0563058979337,0,0.4,0.5,0.5475113122171946,0.4838751625487646
20220423_롯데_삼성,2022-04-23,0,1461.9025146686686,1497.577959850065,0,0.4,0.5,0.506369168356998,0.5298241709325617
20220424_롯데_삼성,2022-04-24,0,1452.925742866931,1506.5547316518027,0,0.3,0.6,0.4938652615732029,0.542778569973518
20220426_LG_삼성,2022-04-26,1,1444.4571659709807,1520.6999005230148,0,0.2,0.5,0.47702363660372377,0.6126278345931525
20220427_LG_삼성,2022-04-27,0,1456.617048794662,1508.5400176993335,0,0.2,0.4,0.49459475252731844,0.5868351682431384
20220428_LG_삼성,2022-04-28,0,1448.1004845957823,1517.0565818982132,0,0.2,0.5,0.4584055459272097,0.6237910342393223
20220429_삼성_KIA,2022-04-29,1,1440.059544816776,1485.1262042043206,0,0.2,0.5,0.4506160766673186,0.5267188660913299
20220430_삼성_KIA,2022-04-30,1,1451.349441357164,1473.8363076639325,0,0.3,0.4,0.4570175037703944,0.520609794964411
20220501_삼성_KIA,2022-05-01,1,1461.9957631699772,1463.1899858511194,0,0.4,0.3,0.46335210557283346,0.5147750982580426
20220503_NC_삼성,2022-05-03,0,1472.0301355264025,1431.1598537155596,0,0.5,0.3,0.47798424952477014,0.35469019758296566
20220504_NC_삼성,2022-05-04,1,1460.8591903766478,1442.3307988653144,0,0.4,0.4,0.46301369863013697,0.3824066390041494
20220505_NC_삼성,2022-05-05,1,1470.3264053817484,1432.8635838602138,0,0.5,0.4,0.48841854225667014,0.3657583363212621
20220506_삼성_롯데,2022-05-06,1,1479.2522982137136,1535.711180070506,0,0.6,0.65,0.5,0.545775239375105
20220507_삼성_롯데,2022-05-07,1,1490.8631611092342,1524.1003171749855,0,0.7,0.55,0.5184439060245556,0.5224102584716807
20220508_삼성_롯데,2022-05-08,1,1501.81689572068,1513.1465825635398,0,0.7,0.55,0.5289611752360965,0.5087712549049781
20220510_SSG_삼성,2022-05-10,0,1512.1428747830787,1588.9434417699854,0,0.8,0.6,0.5354164573495428,0.6750070283947146
20220511_SSG_삼성,2022-05-11,1,1504.3180589815984,1596.7682575714657,0,0.8,0.7,0.5279501588077204,0.6795735298559304
20220512_SSG_삼성,2022-05-12,1,1516.9179158998004,1584.1684006532637,0,0.8,0.6,0.5302752293577981,0.6691082270372639
20220514_두산_삼성,2022-05-14,1,1528.8297236708943,1544.6706453955858,0,0.8,0.7,0.536255846839987,0.5547796773416808
20220515_두산_삼성,2022-05-15,1,1539.2853463765587,1534.2150226899214,0,0.8,0.6,0.5487435696593772,0.5396486662329213
20220517_삼성_한화,2022-05-17,0,1549.1394210890326,1418.8612618332354,0,0.9,0.1,0.5508234532432323,0.3046025512025707
20220518_삼성_한화,2022-05-18,1,1535.5561026179241,1432.4445803043438,0,0.8,0.2,0.5466271570507234,0.3107328738219159
20220519_삼성_한화,2022-05-19,1,1542.6724823081915,1425.3282006140764,0,0.8,0.2,0.5515341380263522,0.3096727946117889
20220520_KT_삼성,2022-05-20,0,1549.4178639191337,1467.2809096907567,0,0.8,0.3,0.554057965770525,0.4693539896217192
20220521_KT_삼성,2022-05-21,0,1537.0968519852197,1479.6019216246707,0,0.7,0.3,0.541349178608878,0.4819336114638128
20220522_KT_삼성,2022-05-22,1,1525.4569570382073,1491.241816571683,0,0.6,0.4,0.531851677773488,0.49115113547376665
20220524_KIA_삼성,2022-05-24,0,1534.475337375635,1530.3065840622132,0,0.7,0.7,0.5340513349671095,0.5753252682036065
20220525_KIA_삼성,2022-05-25,0,1524.355356767892,1540.4265646699562,0,0.6,0.7,0.5306119284972326,0.5764705882352941
20220526_KIA_삼성,2022-05-26,0,1514.8175936822797,1549.9643277555685,0,0.5,0.7,0.5133309633842872,0.5876222234782117
20220527_삼성_LG,2022-05-27,0,1505.8257613450514,1509.4384824661126,0,0.4,0.4,0.507672182614952,0.5532462344620156
20220528_삼성_LG,2022-05-28,0,1495.9297400700436,1519.3345037411204,0,0.3,0.4,0.494949623772478,0.5644778888774353
20220529_삼성_LG,2022-05-29,1,1486.6023661785032,1528.661877632661,0,0.3,0.5,0.48289009741229905,0.5740087347518341
20220531_삼성_키움,2022-05-31,0,1497.807057136646,1569.4403195551786,0,0.3,0.9,0.49287447108603666,0.5702100587881858
20220601_삼성_키움,2022-06-01,1,1489.8401019086598,1577.407274783165,0,0.2,0.9,0.4906111564146078,0.5717422796569247
20220602_삼성_키움,2022-06-02,0,1502.3084419318566,1564.938934759968,0,0.3,0.8,0.4953704695972737,0.566059887738444
20220603_두산_삼성,2022-06-03,1,1494.0918169268216,1461.7274747689107,0,0.3,0.3,0.4932283015214666,0.5044052008538715
20220604_두산_삼성,2022-06-04,0,1503.1629813237541,1452.6563103719782,0,0.3,0.3,0.5,0.4978586821954239
20220607_삼성_롯데,2022-06-07,1,1491.7194367038367,1449.2783747897408,0,0.3,0.25,0.48333796167731186,0.4181504655860472
20220608_삼성_롯데,2022-06-08,1,1500.5039246548613,1440.4938868387162,0,0.4,0.25,0.48981775650543746,0.41369606003752346
20220609_삼성_롯데,2022-06-09,0,1508.79367061904,1432.2041408745374,0,0.5,0.25,0.4939640026232906,0.41059747853097023
20220610_NC_삼성,2022-06-10,0,1496.6242739311192,1455.197649348305,0,0.5,0.65,0.49215734518445614,0.4235294117647059
20220611_NC_삼성,2022-06-11,0,1485.4375384773496,1466.3843848020747,0,0.5,0.65,0.47693535986752617,0.4411421863245178
20220612_NC_삼성,2022-06-12,1,1474.889693710399,1476.9322295690254,0,0.4,0.75,0.47145187601957583,0.44772428777585005
20220614_삼성_LG,2022-06-14,0,1484.948481940883,1531.920854343274,0,0.5,0.65,0.4755325559139404,0.5850891410048622
20220615_삼성_LG,2022-06-15,1,1476.2922780092829,1540.5770582748742,0,0.4,0.65,0.462876581885428,0.5960975489501223
20220616_삼성_LG,2022-06-16,0,1488.1217134291203,1528.7476228550368,0,0.5,0.6,0.46895137864025804,0.5895479550346807
20220617_삼성_KIA,2022-06-17,0,1479.2857208446046,1536.498354835045,0,0.4,0.35,0.4673077431115103,0.5555650813382772
20220618_삼성_KIA,2022-06-18,1,1470.9177081028774,1544.866367576772,0,0.4,0.45,0.4642036925366623,0.5580554250821982
20220619_삼성_KIA,2022-06-19,1,1483.0145534585838,1532.7695222210657,0,0.4,0.45,0.4717540204359163,0.5509849834563502
20220621_키움_삼성,2022-06-21,0,1494.4369066146896,1558.5440947237023,0,0.4,0.5,0.479175704989154,0.5381954797543086
20220622_키움_삼성,2022-06-22,0,1486.261401133628,1566.719600204764,0,0.4,0.6,0.4777126254932982,0.5395064918286933
20220623_키움_삼성,2022-06-23,0,1478.5366466020462,1574.4443547363458,0,0.4,0.6,0.4677754677754678,0.5496987000517958
20220624_삼성_한화,2022-06-24,0,1471.2290496673434,1382.7787232359842,-1,0.4,0.05,0.4597967351711112,0.34830666980616554
20220625_삼성_한화,2022-06-25,1,1458.7368541769226,1395.270918726405,0,0.3,0.15,0.4550162712430117,0.3531603594704954
20220626_삼성_한화,2022-06-26,1,1466.930207999005,1387.0775649043226,0,0.4,0.15,0.46045806009591855,0.3504567047361813
20220628_KT_삼성,2022-06-28,0,1474.6714961024531,1518.0498616006212,0,0.4,0.5,0.4674612343533053,0.4878700694940807
20220629_KT_삼성,2022-06-29,1,1465.9135785515382,1526.8077791515361,0,0.4,0.5,0.45263836292602994,0.5050418886321653
20220630_KT_삼성,2022-06-30,0,1477.6485256840513,1515.072832019023,0,0.5,0.5,0.4626689925861317,0.4950414442374206
20220702_삼성_NC,2022-07-02,0,1468.721537072344,1456.919748762345,-2,0.4,0.35,0.44687830638938814,0.4245491610918529
20220703_삼성_NC,2022-07-03,0,1458.3819848861187,1467.2593009485704,0,0.3,0.45,0.4248733157874062,0.45264350735777553
20220705_LG_삼성,2022-07-05,0,1448.6374389926827,1576.459931425875,0,0.3,0.8,0.41960165975103736,0.6007523599971609
20220706_LG_삼성,2022-07-06,0,1442.1589977055605,1582.9383727129973,0,0.3,0.8,0.41595372887244786,0.604336528593576
20220707_LG_삼성,2022-07-07,0,1436.0028550229129,1589.094515395645,0,0.3,0.8,0.41678547077418954,0.6029319406339867
20220708_SSG_삼성,2022-07-08,0,1430.1445468093252,1582.8383370794622,0,0.3,0.8,0.4163544378047439,0.6013221776218712
20220709_SSG_삼성,2022-07-09,0,1424.2767468426346,1588.706137046153,0,0.2,0.8,0.416916238454021,0.6003387966774151
20220710_SSG_삼성,2022-07-10,0,1418.6850894738327,1594.2977944149548,0,0.1,0.8,0.4155592779935766,0.6011994317011614
20220712_삼성_KT,2022-07-12,0,1413.3490456139486,1555.8480107665337,0,0.1,0.8,0.41028802477521703,0.5392406991356004
20220714_삼성_KT,2022-07-14,0,1407.235003450713,1561.9620529297692,0,0.0,0.8,0.4098360655737705,0.5402802537208242
20220722_삼성_키움,2022-07-22,0,1401.415615104352,1593.458687424128,0,0.0,0.6,0.40871805707545833,0.5773415443543727
20220723_삼성_키움,2022-07-23,0,1396.4413576239504,1598.4329449045294,0,0.0,0.6,0.40805879055863487,0.5781996883810051
20220724_삼성_키움,2022-07-24,1,1391.6780240875976,1603.1962784408822,0,0.0,0.6,0.4014730031126688,0.5858818642585263
20220726_한화_삼성,2022-07-26,0,1407.1108316981818,1341.2298680748788,0,0.1,0.2,0.41202176582476585,0.3525048476253871
20220727_한화_삼성,2022-07-27,1,1395.2370296269862,1353.1036701460744,0,0.1,0.2,0.4102697895048918,0.35578784469811614
20220729_롯데_삼성,2022-07-29,1,1402.3281008720603,1425.3794843269015,0,0.25,0.4,0.41424945159128884,0.41353960906425846
20220730_롯데_삼성,2022-07-30,0,1412.9906012077363,1414.7169839912256,0,0.35,0.3,0.4168618015424606,0.41390091112891236
20220803_삼성_두산,2022-08-03,0,1403.6619625962323,1459.7584670274348,-1,0.4,0.6,0.4182538019285492,0.4907841929798484
20220804_삼성_두산,2022-08-04,1,1395.2626643749838,1468.1577652486833,0,0.4,0.6,0.4164171375824572,0.4931195918045291
20220805_삼성_SSG,2022-08-05,1,1407.3305007875638,1641.20611439213,0,0.5,0.7,0.42503800896571614,0.5932124290191212
20220806_삼성_SSG,2022-08-06,0,1423.2009698145578,1625.335645365136,0,0.6,0.6,0.4275368641479801,0.5905688467980398
20220807_삼성_SSG,2022-08-07,0,1418.4406246663873,1630.0959905133066,0,0.5,0.7,0.4274801248454155,0.5903634415132981
20220810_KIA_삼성,2022-08-10,1,1413.8762132750383,1478.8586927769995,0,0.5,0.3,0.4274249697680384,0.5494046366345078
20220812_KIA_삼성,2022-08-12,1,1425.725050848113,1467.0098552039249,0,0.5,0.3,0.42885893719587787,0.54810618351472
20220813_삼성_KT,2022-08-13,0,1436.9077616801637,1560.4284843898033,0,0.55,0.5,0.43086002628862796,0.5565555277011782
20220814_삼성_KT,2022-08-14,0,1430.3203908670164,1567.0158552029507,0,0.45,0.5,0.4243175749451357,0.5640623935699203
20220816_삼성_LG,2022-08-16,0,1424.0636212300356,1578.2986704745772,0,0.45,0.6,0.42368620369459076,0.6239754542447504
20220817_삼성_LG,2022-08-17,0,1418.2325400382465,1584.1297516663662,0,0.4,0.7,0.42135582758975415,0.6258716860275272
20220818_삼성_한화,2022-08-18,1,1412.6748563692029,1357.8800257336336,0,0.4,0.3,0.4188068077221077,0.36938351154323473
20220819_삼성_한화,2022-08-19,1,1421.1106815582236,1349.4442005446128,0,0.4,0.2,0.42262456340437665,0.3679095409766923
20220821_NC_삼성,2022-08-21,0,1429.076720214542,1525.7258924091238,0,0.4,0.7,0.42754969491159567,0.48609894395432723
20220823_삼성_SSG,2022-08-23,0,1421.7889059140014,1634.1203507990467,0,0.4,0.7,0.4242675364572469,0.5956869477323685
20220824_삼성_SSG,2022-08-24,0,1417.2381898205224,1638.6710668925257,0,0.4,0.7,0.4211919544930661,0.5986232043504228
20220825_삼성_롯데,2022-08-25,1,1412.8690127121615,1491.9540037011575,0,0.3,0.7,0.41975426581032027,0.4156928180605732
20220826_삼성_롯데,2022-08-26,0,1425.1067465980677,1479.7162698152513,0,0.3,0.6,0.42453343548288935,0.4129843008594167
20220827_한화_삼성,2022-08-27,1,1416.6657178927505,1383.9870798050235,0,0.3,0.4,0.420692978229445,0.36694657334854464
20220828_한화_삼성,2022-08-28,1,1425.7279149260437,1374.9248827717304,0,0.4,0.4,0.4242318591670245,0.3655980800100831
20220831_SSG_삼성,2022-08-31,1,1434.276019124502,1613.1611363336617,0,0.5,0.5,0.4257593855646206,0.5943820224719101
20220901_삼성_KIA,2022-09-01,1,1449.0133502201513,1488.2983043480656,0,0.6,0.6,0.42686599268659925,0.5489455141283484
20220902_삼성_KIA,2022-09-02,0,1460.1392678561976,1477.1723867120193,0,0.6,0.5,0.4298995983601232,0.546082891277999
20220903_삼성_두산,2022-09-03,1,1450.629128032928,1423.9067541056984,0,0.5,0.3,0.42613215398926185,0.4557057551459922
20220906_키움_삼성,2022-09-06,1,1459.861509339183,1531.0114506472262,0,0.6,0.8,0.4291243097364176,0.5077364807990872
20220907_키움_삼성,2022-09-07,1,1471.88121423069,1518.9917457557192,0,0.7,0.7,0.4362048306741502,0.5009532879802109
20220908_롯데_삼성,2022-09-08,0,1483.22891482158,1467.0382426940705,0,0.8,0.4,0.437249935302744,0.4128288265764534
20220909_롯데_삼성,2022-09-09,1,1472.7632468517606,1477.5039106638899,0,0.7,0.4,0.43654081947828693,0.41392176005671183
20220910_LG_삼성,2022-09-10,0,1482.8996856573467,1607.5178268403151,0,0.8,0.75,0.44025012010103987,0.6479572658360991
20220911_LG_삼성,2022-09-11,1,1476.340192398577,1614.0773200990848,0,0.7,0.75,0.4330538500205778,0.6542336449830549
20220913_삼성_NC,2022-09-13,1,1490.1091743284417,1540.4833401408987,0,0.7,0.7,0.4350027831706423,0.5150808631489793
20220914_삼성_NC,2022-09-14,0,1501.5489844113188,1529.0435300580216,0,0.7,0.6,0.4369396840428608,0.513260267034343
20220915_두산_삼성,2022-09-15,1,1492.3386932311041,1414.2818097961997,0,0.6,0.3,0.43317545608436897,0.4542408393214657
20220916_두산_삼성,2022-09-16,0,1500.1290874317806,1406.4914155955232,0,0.7,0.3,0.4424667530460214,0.4462432068905201
20220917_KIA_삼성,2022-09-17,1,1487.4973908962077,1450.1082224603551,0,0.6,0.4,0.44196056574307585,0.5454691535150645
20220918_KIA_삼성,2022-09-18,1,1496.4253792245809,1441.180234131982,0,0.6,0.4,0.4498383149502742,0.5379799216024598
20220920_삼성_키움,2022-09-20,1,1504.848563003205,1530.861677887547,0,0.6,0.6,0.45287385830397764,0.5088645515385655
20220921_삼성_키움,2022-09-21,0,1515.5958847161396,1520.1143561746126,0,0.7,0.5,0.4597428738393611,0.5017543805651568
20220922_KT_삼성,2022-09-22,0,1505.7259294472926,1546.0704687249563,0,0.6,0.4,0.4592353011195429,0.5483038973170268
20220923_KT_삼성,2022-09-23,1,1496.8819473549468,1554.9144508173022,0,0.6,0.5,0.4581761834122046,0.5494199909992813
20220925_KIA_삼성,2022-09-25,0,1508.5368949705278,1439.7893159587697,1,0.6,0.2,0.46000135540591325,0.5212669683257919
20220928_삼성_NC,2022-09-28,0,1496.5836067284176,1516.3665216100096,2,0.5,0.4,0.4594419366475251,0.5016313170290337
20220929_NC_삼성,2022-09-29,1,1487.152390230314,1525.7977381081132,0,0.5,0.5,0.45888867861073374,0.5024330756207007
20220930_두산_삼성,2022-09-30,1,1498.2601281445573,1434.5329903162483,0,0.5,0.4,0.4612984519380775,0.4443593780327374
20221001_두산_삼성,2022-10-01,1,1506.4462103324854,1426.3469081283201,0,0.6,0.4,0.4678247893877263,0.43888034796955266
20221004_삼성_KT,2022-10-04,0,1514.1807622941274,1576.7181967379465,-2,0.6,0.7,0.4687567208129263,0.5624203673383874
20221005_삼성_KT,2022-10-05,1,1505.9615439153445,1584.9374151167294,0,0.5,0.8,0.4659743821927735,0.5653354917481789
20221006_삼성_두산,2022-10-06,0,1518.1962941417742,1435.7182609674492,0,0.5,0.4,0.46849978716072405,0.44469791017752064
20221007_삼성_두산,2022-10-07,1,1505.8659961389849,1448.0485589702384,0,0.5,0.5,0.4679673134718048,0.4458042054685021
20221008_SSG_삼성,2022-10-08,1,1514.2170697071792,1522.362920200455,-1,0.6,0.5,0.4726334057824228,0.57669700596932
20230401_NC_삼성,2023-04-01,0,1524.4514831804806,1535.9920780729863,2,0.6,0.6,0.47644901224157105,0.5031055601099484
20230402_NC_삼성,2023-04-02,1,1514.7835260932075,1545.6600351602594,0,0.6,0.6,0.470742510532482,0.5092584654950707
20230404_한화_삼성,2023-04-04,1,1525.66989123589,1375.5592750980356,0,0.7,0.2,0.47248463148085573,0.3561981176752364
20230406_한화_삼성,2023-04-06,0,1531.5995345177,1369.6296318162256,0,0.7,0.2,0.4734573477019988,0.35682823147416315
20230407_삼성_LG,2023-04-07,0,1517.248402292024,1568.850903251652,0,0.6,0.6,0.4686471431330494,0.6516235967754087
20230408_삼성_LG,2023-04-08,0,1508.7228160297655,1577.3764895139104,0,0.5,0.6,0.4653146857356714,0.6542047077136862
20230409_삼성_LG,2023-04-09,0,1500.6735044379068,1585.425801105769,0,0.5,0.7,0.46468348006090227,0.6545800248898084
20230411_SSG_삼성,2023-04-11,0,1493.0656112520946,1537.0238195791162,0,0.4,0.5,0.4641055629458347,0.5772315980746634
20230412_SSG_삼성,2023-04-12,0,1484.3241220225593,1545.7653088086515,0,0.4,0.6,0.46363365669419676,0.5774426864904559
20230413_SSG_삼성,2023-04-13,1,1476.074334614067,1554.0150962171438,0,0.3,0.7,0.4616220317478274,0.5793792982122672
20230414_롯데_삼성,2023-04-14,1,1488.2807611045748,1484.3445679019255,0,0.3,0.5,0.46352213489168537,0.4166078979253728
20230415_롯데_삼성,2023-04-15,0,1498.167473204066,1474.4578558024343,0,0.4,0.4,0.4652771396349359,0.4161595257551508
20230416_롯데_삼성,2023-04-16,1,1487.4861129152728,1485.1392160912276,0,0.3,0.5,0.46291407794440503,0.41966825116797263
20230418_삼성_키움,2023-04-18,1,1497.4185648221269,1519.302601288208,0,0.3,0.5,0.4685088235690629,0.5067615240550856
20230419_삼성_키움,2023-04-19,1,1508.0476063568526,1508.673559753482,0,0.4,0.4,0.47004690855005665,0.5052198428542036
20230420_삼성_키움,2023-04-20,0,1518.0656227243594,1498.6555433859753,0,0.5,0.4,0.4729570996810492,0.5022140112873726
20230421_삼성_KIA,2023-04-21,0,1507.5075362242296,1425.5932931828952,0,0.5,0.2,0.4698041921849392,0.5159533844369644
20230422_삼성_KIA,2023-04-22,0,1495.1925900145905,1437.9082393925344,0,0.5,0.3,0.46933001444908085,0.5165189532333476
20230423_삼성_KIA,2023-04-23,0,1483.558593630198,1449.5422357769269,0,0.5,0.4,0.4668979495783009,0.5190594750337254
20230426_두산_삼성,2023-04-26,1,1472.582640578454,1493.8238164423465,0,0.5,0.55,0.46578030715962904,0.44846980609040127
20230427_두산_삼성,2023-04-27,1,1483.1932501885826,1483.2132068322178,0,0.5,0.55,0.46644613106750793,0.44785498232011245
20230428_삼성_KT,2023-04-28,1,1493.1938245869587,1494.2851816828152,0,0.5,0.35,0.46736347230910885,0.5504489792517637
20230429_삼성_KT,2023-04-29,1,1503.2252362658965,1484.2537700038774,0,0.6,0.25,0.468386089879547,0.5490616621983915
20230430_삼성_KT,2023-04-30,1,1512.679735625241,1474.799270644533,0,0.6,0.15,0.46911469140937856,0.5481830698992697
20230502_키움_삼성,2023-05-02,0,1521.593747935931,1495.4503032153352,0,0.6,0.4,0.4697628788179688,0.5084382176490485
20230503_키움_삼성,2023-05-03,0,1510.8426960835486,1506.2013550677177,0,0.5,0.5,0.4673305400181128,0.5112187839892375
20230504_키움_삼성,2023-05-04,1,1500.7091154967397,1516.3349356545266,0,0.5,0.5,0.4655581947743468,0.5132750881051031
20230509_삼성_한화,2023-05-09,1,1511.1585597604176,1397.1803218471955,3,0.6,0.4,0.473930784343358,0.36363835792737326
20230510_삼성_한화,2023-05-10,0,1517.990832841728,1390.348048765885,0,0.7,0.3,0.4790215862849621,0.35965631950364385
20230511_삼성_한화,2023-05-11,0,1504.4738059246943,1403.8650756829188,0,0.7,0.4,0.4766425233998155,0.3625711216329129
20230512_LG_삼성,2023-05-12,1,1491.656368096859,1575.0825142537835,0,0.6,0.6,0.4742502249249999,0.6408661972117801
20230513_LG_삼성,2023-05-13,0,1504.0124566550744,1562.7264256955682,0,0.6,0.5,0.47675675675675677,0.6380968910610199
20230514_LG_삼성,2023-05-14,0,1495.6864750091534,1571.0524073414892,0,0.5,0.6,0.47509146118522466,0.6389696359188373
20230516_KIA_삼성,2023-05-16,0,1487.8222856678287,1476.0495994616595,0,0.4,0.4,0.47348067905049257,0.5212154272896965
20230517_KIA_삼성,2023-05-17,0,1477.4835701441152,1486.388314985373,0,0.3,0.4,0.4700508919375852,0.5246985978746257
20230519_삼성_NC,2023-05-19,1,1467.7398131976229,1520.2270402280421,0,0.3,0.5,0.4696888163537765,0.5119404718360653
20230520_삼성_NC,2023-05-20,0,1479.2391284245975,1508.7277250010675,0,0.4,0.5,0.47044007556146367,0.5112485763520555
20230521_삼성_NC,2023-05-21,1,1470.0858462507333,1517.8810071749317,0,0.3,0.6,0.4643103678746354,0.5179286798469144
20230523_삼성_두산,2023-05-23,0,1481.452888992792,1471.466654316025,0,0.3,0.6,0.46495542576083615,0.44384022147518293
20230524_삼성_두산,2023-05-24,1,1471.1655411797365,1481.7540021290804,0,0.3,0.7,0.4640419678774374,0.44538532692825983
20230525_삼성_두산,2023-05-25,0,1481.4702072663154,1471.4493360425015,0,0.4,0.6,0.46706875753920385,0.4427311459008303
20230526_KT_삼성,2023-05-26,0,1471.1818633592998,1453.9973732541957,0,0.3,0.5,0.46662711381278466,0.5245289620739364
20230527_KT_삼성,2023-05-27,0,1460.6876569155704,1464.491579697925,0,0.3,0.6,0.4650056247491599,0.5263305278061826
20230528_KT_삼성,2023-05-28,1,1450.797138239723,1474.3820983737726,0,0.3,0.6,0.4634357432344097,0.5280852447308736
20230530_삼성_SSG,2023-05-30,0,1461.474927173792,1575.0055401203829,-2,0.4,0.55,0.4647764612811239,0.5744520779668851
20230531_삼성_SSG,2023-05-31,1,1454.6310584966063,1581.8494087975685,0,0.4,0.6,0.4643110299093421,0.5748080844947724
20230601_삼성_SSG,2023-06-01,0,1468.1373757100282,1568.3430915841466,0,0.4,0.6,0.46497519864726866,0.5740272125512843
20230602_삼성_한화,2023-06-02,1,1460.9441311435148,1452.275670595228,0,0.4,0.55,0.4585914259509958,0.36710849585974703
20230603_삼성_한화,2023-06-03,1,1470.6946845505872,1442.5251171881555,0,0.4,0.5,0.45948860639226585,0.36767482315968825
20230604_삼성_한화,2023-06-04,0,1479.8856711953024,1433.3341305434403,0,0.5,0.5,0.462442507808185,0.3656042692455111
20230606_NC_삼성,2023-06-06,1,1468.5537708425004,1530.7851375148116,0,0.4,0.6,0.4600202243666967,0.5242604230238067
20230607_NC_삼성,2023-06-07,0,1480.3260211492366,1519.0128872080754,0,0.5,0.6,0.46197028562780657,0.5222893847287148
20230608_NC_삼성,2023-06-08,0,1471.4349393736452,1527.9039689836668,0,0.5,0.6,0.45989100881580963,0.524575303834016
20230609_롯데_삼성,2023-06-09,0,1463.0460867646289,1511.9271880972494,0,0.5,0.3,0.456837469742483,0.4497029597719735
20230610_롯데_삼성,2023-06-10,1,1454.4437880728058,1520.5294867890725,0,0.4,0.4,0.4548338949739729,0.45211482390304825
20230611_롯데_삼성,2023-06-11,1,1466.3232753629047,1508.6499994989736,0,0.5,0.4,0.45628046759028773,0.4514301745300909
20230613_삼성_LG,2023-06-13,0,1477.5355449986362,1534.575984413456,0,0.5,0.35,0.45756870003979344,0.6255899814066466
20230614_삼성_LG,2023-06-14,0,1469.1627077102378,1542.9488217018543,0,0.5,0.35,0.4571083767395006,0.6259155531852826
20230615_삼성_LG,2023-06-15,0,1461.2550798919808,1550.8564495201113,0,0.4,0.45,0.45669527196643367,0.6261049801737217
20230616_삼성_KT,2023-06-16,0,1453.7783216240848,1497.8679841130916,0,0.3,0.7,0.4538317424975478,0.5211213515161197
20230617_삼성_KT,2023-06-17,0,1445.0405558461864,1506.60574989099,0,0.3,0.7,0.45362497163378,0.521531958087333
20230618_삼성_KT,2023-06-18,1,1436.794228103449,1514.8520776337273,0,0.2,0.7,0.4533728429492766,0.5219612289532274
20230620_키움_삼성,2023-06-20,0,1449.0038603516057,1499.838181691276,0,0.3,0.75,0.45468579451310825,0.5118963329188687
20230621_키움_삼성,2023-06-21,0,1440.4566377326285,1508.3854043102533,0,0.3,0.75,0.4523429394403096,0.5146529968053392
20230622_키움_삼성,2023-06-22,0,1432.3872474326872,1516.4547946101945,0,0.3,0.85,0.45137258753879717,0.5157618480107513
20230623_삼성_SSG,2023-06-23,0,1424.7607645970486,1571.7081120621726,0,0.2,0.6,0.4509383378016086,0.5739368813149762
20230624_삼성_SSG,2023-06-24,0,1418.7548790384787,1577.7139976207425,0,0.1,0.7,0.44804701563511273,0.5767861011221351
20230625_삼성_SSG,2023-06-25,1,1413.035496084574,1583.4333805746471,0,0.1,0.7,0.44714495604751353,0.5774057626102373
20230627_삼성_롯데,2023-06-27,0,1427.581187924322,1451.3736308763143,0,0.2,0.2,0.44882686594585103,0.43590133758743405
20230628_삼성_롯데,2023-06-28,0,1418.264921018148,1460.6898977824883,0,0.2,0.3,0.44803686362780715,0.43719602012548947
20230630_한화_삼성,2023-06-30,0,1409.47997693694,1497.221180748164,0,0.2,0.65,0.44694284650493027,0.3862277877289707
20230701_한화_삼성,2023-07-01,0,1401.9530202069848,1504.7481374781191,0,0.2,0.7,0.44466993792700277,0.389131242076687
20230702_한화_삼성,2023-07-02,1,1394.8282887170092,1511.8728689680947,0,0.1,0.8,0.44212430375664863,0.3928984216609508
20230704_두산_삼성,2023-07-04,0,1408.0751925644768,1480.4007281262532,0,0.2,0.5,0.4426955648179481,0.4374931121605571
20230705_두산_삼성,2023-07-05,0,1400.1273312357855,1488.3485894549444,0,0.2,0.6,0.44194927901318287,0.4387397055027157
20230706_두산_삼성,2023-07-06,0,1392.6133420985384,1495.8625785921915,0,0.2,0.7,0.44081250885729134,0.4405623573864612
20230708_삼성_NC,2023-07-08,1,1385.500596130553,1489.9815829933539,0,0.2,0.2,0.4390629269891414,0.5211572735870419
20230709_삼성_NC,2023-07-09,1,1398.4203140073314,1477.0618651165755,0,0.3,0.2,0.4431252138421479,0.516961698299787
20230712_삼성_KIA,2023-07-12,0,1410.6459203229156,1514.5974808725723,0,0.3,0.6,0.4466586659490415,0.531690899927807
20230713_삼성_KIA,2023-07-13,1,1403.551692903399,1521.6917082920888,0,0.3,0.7,0.44630951678565106,0.5320992822626627
20230721_KT_삼성,2023-07-21,0,1416.8267730454845,1530.824274477366,0,0.4,0.6,0.44786430979196196,0.5278708785789008
20230722_KT_삼성,2023-07-22,1,1409.994998767935,1537.6560487549157,0,0.4,0.6,0.4457196182118826,0.5303063034892854
20230723_KT_삼성,2023-07-23,0,1423.512486380934,1524.1385611419166,0,0.5,0.5,0.44731507038708945,0.528664932449442
20230725_SSG_삼성,2023-07-25,1,1416.330383790199,1531.237004642278,-2,0.4,0.4,0.44721781737193766,0.555649491866634
20230726_SSG_삼성,2023-07-26,0,1429.5221300115675,1518.0452584209095,0,0.5,0.4,0.4492361140029965,0.5535880246119937
20230727_SSG_삼성,2023-07-27,1,1422.0162906620214,1525.5510977704555,0,0.5,0.4,0.44912627084402607,0.5536795841188439
20230729_삼성_키움,2023-07-29,1,1435.8970293093523,1468.2922645320864,0,0.55,0.35,0.4500786954968355,0.4920005119672341
20230730_삼성_키움,2023-07-30,1,1446.8267464077994,1457.3625474336393,0,0.55,0.35,0.45257599174587987,0.489548180339411
20230801_KIA_삼성,2023-08-01,0,1457.1298982198323,1516.2693267130253,0,0.65,0.6,0.45474264390225516,0.5334687962854617
20230802_KIA_삼성,2023-08-02,1,1448.8158166698713,1524.5834082629863,0,0.55,0.6,0.45377765265450665,0.5345703722479089
20230803_KIA_삼성,2023-08-03,0,1460.9626579206656,1512.436567012192,0,0.65,0.5,0.45449641670595675,0.5338986600117008
20230804_LG_삼성,2023-08-04,1,1452.4334507491092,1592.8103312227129,0,0.55,0.7,0.453123595505618,0.6407619294369733
20230805_LG_삼성,2023-08-05,1,1466.267430619186,1578.9763513526361,0,0.65,0.7,0.4537535233372543,0.6397469828108227
20230806_LG_삼성,2023-08-06,0,1479.4022517078176,1565.8415302640044,0,0.65,0.7,0.4552607934001939,0.6378566032925377
20230808_삼성_두산,2023-08-08,0,1471.8400818812436,1509.3532963670332,0,0.65,0.3,0.45416033292631264,0.44809597971250187
20230809_삼성_두산,2023-08-09,1,1462.9156227193805,1518.2777555288963,0,0.55,0.4,0.4534464028206803,0.4492058062723133
20230811_삼성_SSG,2023-08-11,1,1474.4957222236828,1501.6539645907308,0,0.6,0.5,0.4545204030400472,0.5514286294155253
20230812_삼성_SSG,2023-08-12,0,1485.2758110904126,1490.873875724001,0,0.6,0.4,0.45513215662190143,0.5507625995946389
20230813_삼성_SSG,2023-08-13,0,1475.4369224006184,1500.7127644137952,0,0.5,0.4,0.4547965785456396,0.5511009905784428
20230815_LG_삼성,2023-08-15,1,1466.1631388930962,1597.080390140835,0,0.5,0.8,0.45314678561296984,0.6434188577329415
20230816_LG_삼성,2023-08-16,0,1479.7624794403594,1583.481049593572,0,0.5,0.7,0.4537987395766577,0.6423095649325811
20230817_LG_삼성,2023-08-17,1,1472.6621110447486,1590.5814179891827,0,0.5,0.7,0.45269255723422,0.6430255746840482
20230818_KIA_삼성,2023-08-18,1,1485.931518886447,1510.6825523357961,0,0.5,0.55,0.4536682442077928,0.5397618819062451
20230819_KIA_삼성,2023-08-19,0,1496.6427082006269,1499.9713630216163,0,0.5,0.45,0.4581929860767257,0.5351890281903007
20230820_KIA_삼성,2023-08-20,1,1486.7385116565536,1509.8755595656896,0,0.5,0.45,0.45796479755651165,0.5354531610998229
20230822_삼성_한화,2023-08-22,1,1497.4034667514986,1472.9301548078136,0,0.6,0.45,0.4589849437562346,0.3965730536793459
20230825_키움_삼성,2023-08-25,0,1506.7002309250786,1394.9087111612241,2,0.6,0.4,0.4599630754079299,0.466616005247977
20230826_키움_삼성,2023-08-26,1,1493.5892395895391,1408.0197024967636,0,0.5,0.5,0.4588932260181699,0.4680850900995187
20230827_키움_삼성,2023-08-27,1,1501.1749691908572,1400.4339728954455,0,0.6,0.4,0.45949785987087627,0.4678034796437129
20230831_삼성_KT,2023-08-31,0,1508.3540270078904,1636.0856080836734,0,0.7,0.8,0.4605604992188916,0.5484558215603235
20230901_NC_삼성,2023-09-01,0,1501.8732933696442,1521.9628619318228,0,0.6,0.55,0.459899062488338,0.524289673654042
20230902_NC_삼성,2023-09-02,0,1492.4508740759798,1531.3852812254872,0,0.6,0.6,0.45596202627461907,0.528573202283458
20230903_NC_삼성,2023-09-03,1,1483.566828934857,1540.26932636661,0,0.5,0.7,0.4544347747971068,0.5302487091721967
20230905_삼성_롯데,2023-09-05,0,1495.184520929537,1439.1406853823796,1,0.5,0.2,0.45660377358490567,0.43978274758043995
20230906_삼성_롯데,2023-09-06,1,1483.5852962770398,1450.7399100348769,0,0.5,0.3,0.4539941563112005,0.443067244849024
20230907_삼성_롯데,2023-09-07,0,1492.642736336595,1441.6824699753217,0,0.5,0.3,0.4561820168147057,0.44118155457001235
20230908_삼성_두산,2023-09-08,0,1481.1864106611226,1481.0088166307926,0,0.4,0.5,0.4558315304569572,0.4536576882736233
20230909_삼성_두산,2023-09-09,1,1471.1812990944823,1491.013928197433,0,0.4,0.5,0.4556966633856604,0.4543714320261405
20230909_삼성_두산,2023-09-09,0,1481.7515088459338,1480.4437184459814,0,0.4,0.4,0.4574044583411254,0.4528082722179201
20230910_삼성_두산,2023-09-10,0,1471.7138677902115,1490.4813595017038,0,0.3,0.4,0.4558740352685254,0.45456299768998065
20230912_KIA_삼성,2023-09-12,1,1462.2535148545553,1579.336890260083,0,0.3,0.8,0.45366277228926066,0.5486840618278008
20230914_KT_삼성,2023-09-14,1,1475.5014175623342,1587.879999129113,1,0.4,0.45,0.4544058656876239,0.5442522181685827
20230915_삼성_NC,2023-09-15,0,1488.6276625255282,1556.4927821817507,-1,0.5,0.7,0.45701374387216137,0.5314581684146241
20230917_롯데_삼성,2023-09-17,0,1480.5565085373482,1459.251356537855,0,0.4,0.5,0.4544257621279692,0.4432664684473828
20230919_삼성_KT,2023-09-19,0,1469.944064432146,1575.2988893990898,1,0.4,0.55,0.4534529165584393,0.5432127225712714
20230921_두산_삼성,2023-09-21,0,1462.8867723927772,1539.8651884788812,0,0.3,0.8,0.45126906847634696,0.4647690229263145
20230922_두산_삼성,2023-09-22,0,1455.0668327591027,1547.6851281125557,0,0.3,0.8,0.44983448723791536,0.4664861719170683
20230927_삼성_한화,2023-09-27,1,1447.6712002960978,1449.329888411078,2,0.3,0.2,0.4491396452912699,0.3936142227361422
20230927_삼성_한화,2023-09-27,0,1457.7189408149925,1439.2821478921833,0,0.3,0.2,0.45248868778280543,0.3911025052970725
20230928_삼성_LG,2023-09-28,1,1447.18878479253,1600.4988276766674,0,0.3,0.9,0.4510264137691099,0.6435480860066638
20230930_NC_삼성,2023-09-30,1,1461.3356825774667,1563.19842356509,0,0.4,0.6,0.45507373136401175,0.538106179650408
20231001_삼성_롯데,2023-10-01,0,1474.1863147635281,1477.9215387630245,-1,0.4,0.7,0.45590627197542316,0.45026550436322715
20231002_삼성_롯데,2023-10-02,1,1464.2938190105135,1487.814034516039,0,0.3,0.7,0.4549845567840779,0.4517259278484298
20231002_삼성_롯데,2023-10-02,1,1474.9697529818482,1477.1381005447045,0,0.4,0.6,0.4559791733642543,0.45119937384922343
20231003_삼성_롯데,2023-10-03,0,1485.0321622312501,1467.0756912953025,0,0.5,0.5,0.4566364389813206,0.4511327874688501
20231004_한화_삼성,2023-10-04,0,1474.5157931319036,1456.8189078253176,-1,0.5,0.4,0.4546221990590738,0.39405949531957335
20231005_한화_삼성,2023-10-05,1,1464.0068758719515,1467.3278250852698,0,0.5,0.4,0.45344215899918056,0.3963102527438447
20231006_삼성_KT,2023-10-06,1,1474.1024575629704,1561.978328562829,0,0.6,0.5,0.4542519440314139,0.5426152649526184
20231008_삼성_KIA,2023-10-08,0,1486.5791394613263,1507.4135303563696,0,0.6,0.5,0.4558648290530321,0.5356556952325496
20231009_삼성_KIA,2023-10-09,0,1477.1780836836224,1516.8145861340736,0,0.6,0.5,0.45554477453081915,0.5359827019531846
20231010_삼성_키움,2023-10-10,0,1468.3139902826888,1440.3855969841543,-2,0.5,0.6,0.4548735907765303,0.46754614021607893
20231014_SSG_삼성,2023-10-14,1,1457.511873428535,1518.463702130275,3,0.4,0.9,0.45427192738107763,0.5201410766067909
20231015_삼성_NC,2023-10-15,0,1469.2484292581805,1509.152639020927,-1,0.5,0.4,0.45513855091942745,0.5280808667583697
20240323_삼성_KT,2024-03-23,1,1460.3919410065291,1572.7593841170233,-5,0.4,0.6,0.45453960181341635,0.5502553400704523
20240324_삼성_KT,2024-03-24,1,1473.5178967089018,1559.6334284146506,0,0.4,0.5,0.456128721224539,0.5484992822591268
20240326_삼성_LG,2024-03-26,0,1485.9469604912078,1546.352106916567,0,0.5,0.4,0.45751602561985766,0.6316039680615023
20240328_삼성_LG,2024-03-28,0,1479.84787766086,1552.451189746915,0,0.45,0.45,0.45732438239072565,0.631434315676746
20240329_SSG_삼성,2024-03-29,0,1471.907673431854,1506.9618598464904,0,0.35,0.6,0.4515357445602453,0.5178449513136182
20240330_SSG_삼성,2024-03-30,0,1462.9132043624031,1515.9563289159412,0,0.35,0.6,0.4509966924405787,0.5185054551613631
20240331_SSG_삼성,2024-03-31,0,1454.4281561700757,1524.4413771082686,0,0.35,0.6,0.4501954829830338,0.5194871789527002
20240402_키움_삼성,2024-04-02,0,1446.4164575925936,1434.3047860360919,0,0.35,0.4,0.44996580237179296,0.46287232497443626
20240404_키움_삼성,2024-04-04,0,1436.0679968051327,1444.6532468235528,0,0.25,0.4,0.4484017532874139,0.464928740041997
20240405_삼성_KIA,2024-04-05,0,1426.315049882486,1573.9790523071551,0,0.25,0.8,0.44545097003520784,0.5450603918039781
20240406_삼성_KIA,2024-04-06,1,1420.3264864030284,1579.9676157866127,0,0.15,0.8,0.444537859165319,0.5459916884835863
20240407_삼성_KIA,2024-04-07,1,1434.6231229054154,1565.6709792842257,0,0.15,0.7,0.44579333301113094,0.5447794118179735
20240409_삼성_롯데,2024-04-09,1,1448.2257351245,1448.0638803124727,0,0.25,0.4,0.44736786319696514,0.4547053160765857
20240410_삼성_롯데,2024-04-10,1,1458.2210765688694,1438.0685388681034,0,0.3,0.4,0.44995177796647856,0.45231614070304776
20240411_삼성_롯데,2024-04-11,1,1467.6416895301131,1428.6479259068597,0,0.4,0.4,0.45127659447134233,0.4515284896623
20240412_NC_삼성,2024-04-12,0,1476.5240475626283,1548.5727620874825,0,0.5,0.7,0.45271773322270836,0.536394812625074
20240413_NC_삼성,2024-04-13,0,1468.5685529728498,1556.528256677261,0,0.5,0.7,0.45118510719555427,0.5380572420915531
20240414_NC_삼성,2024-04-14,1,1461.0474996289097,1564.049310021201,0,0.5,0.7,0.4509607166560765,0.53832154431745
20240416_두산_삼성,2024-04-16,1,1473.9282244885442,1499.6278396618716,0,0.6,0.5,0.4536203614650491,0.4678903174016641
20240417_두산_삼성,2024-04-17,1,1484.6665727457034,1488.8894914047123,0,0.7,0.5,0.45448542162824573,0.46731805521306224
20240418_두산_삼성,2024-04-18,1,1494.7881121300604,1478.7679520203553,0,0.8,0.4,0.45701427681105694,0.46497400092491287
20240419_삼성_한화,2024-04-19,0,1504.3273413598974,1450.0618386428232,-1,0.8,0.2,0.45812510738792356,0.3995249684635233
20240420_삼성_한화,2024-04-20,1,1492.778032609334,1461.6111473933865,0,0.7,0.3,0.4565454109306379,0.40146623402073334
20240421_삼성_한화,2024-04-21,1,1501.883376047089,1452.5058039556316,0,0.7,0.3,0.4568955017678443,0.4011600716693492
20240423_LG_삼성,2024-04-23,1,1510.471667125761,1533.423812670702,0,0.7,0.55,0.4576803719433225,0.6255914439792033
20240424_LG_삼성,2024-04-24,1,1521.1313236475282,1522.764156148935,0,0.7,0.55,0.4591562249360293,0.6238579693172064
20240425_LG_삼성,2024-04-25,0,1531.1783199987412,1512.717159797722,0,0.8,0.45,0.46123646774626464,0.6216398800400488
20240426_삼성_키움,2024-04-26,1,1520.6474646034785,1461.2407660958045,0,0.8,0.3,0.459373481042972,0.4671848300119279
20240427_삼성_키움,2024-04-27,1,1528.9540731245054,1452.9341575747776,0,0.8,0.2,0.460408804187774,0.4661644429166752
20240428_삼성_키움,2024-04-28,1,1536.800305209467,1445.087925489816,0,0.8,0.1,0.4641894676769919,0.4624432821572187
20240430_삼성_두산,2024-04-30,0,1544.220259929147,1498.1511050583863,0,0.8,0.6,0.46603465262997457,0.4722060360833111
20240501_삼성_두산,2024-05-01,1,1532.9019999692885,1509.4693650182448,0,0.7,0.7,0.46476525041208233,0.4735956702843956
20240502_삼성_두산,2024-05-02,1,1542.2285752945775,1500.1427896929558,0,0.8,0.6,0.4671839046754958,0.4713364473196326
20240503_롯데_삼성,2024-05-03,0,1551.0231390874999,1403.0714440886536,0,0.8,0.35,0.4679019907853263,0.44510187513649546
20240504_롯데_삼성,2024-05-04,0,1537.0047568778195,1417.089826298334,0,0.7,0.4,0.4677335005241372,0.44571385566554195
20240508_KIA_삼성,2024-05-08,0,1523.6841467216555,1568.6942218122297,0,0.6,0.5,0.46558053552555406,0.5505352568628855
20240509_KIA_삼성,2024-05-09,1,1514.9724416990634,1577.4059268348217,0,0.5,0.5,0.46500079702321295,0.5510671366544653
20240510_삼성_NC,2024-05-10,0,1526.7503261430982,1533.7544322495055,0,0.6,0.6,0.46604764645377456,0.538508355452882
20240511_삼성_NC,2024-05-11,1,1516.9518932169005,1543.5528651757031,0,0.5,0.6,0.46394126880601744,0.5406868848675173
20240512_삼성_NC,2024-05-12,1,1527.7160381774231,1532.7887202151805,0,0.5,0.5,0.4643197593156055,0.5402841108937321
20240514_삼성_SSG,2024-05-14,0,1537.86203132929,1517.4057338390212,0,0.5,0.5,0.4660213490973688,0.5085355778508546
20240516_삼성_SSG,2024-05-16,1,1527.273931173595,1527.9938339947162,0,0.5,0.5,0.4639102562400303,0.5107108062463227
20240517_한화_삼성,2024-05-17,1,1537.2946516127454,1401.0977447906614,0,0.5,0.35,0.46662967110283116,0.3882367010762407
20240518_한화_삼성,2024-05-18,1,1543.5637668724373,1394.8286295309695,0,0.5,0.25,0.4673881649842834,0.38803777544596013
20240519_한화_삼성,2024-05-19,0,1549.526493650955,1388.8659027524518,0,0.6,0.25,0.4678768481455697,0.38832386406832065
20240521_KT_삼성,2024-05-21,0,1535.2059618185801,1500.076123828618,0,0.6,0.4,0.46488959120901613,0.5300158268614965
20240522_KT_삼성,2024-05-22,1,1524.1982755236897,1511.0838101235083,0,0.6,0.4,0.46409766302267647,0.5308712456545678
20240523_KT_삼성,2024-05-23,0,1533.820990034919,1501.461095612279,0,0.6,0.3,0.46476442998612344,0.5301760174359129
20240524_삼성_롯데,2024-05-24,1,1522.8922813436736,1481.9036359561712,0,0.6,0.55,0.46271532364622636,0.4553711629310742
20240525_삼성_롯데,2024-05-25,0,1531.7179762612468,1473.077941038598,0,0.6,0.55,0.4647497926458391,0.4536781587740093
20240526_삼성_롯데,2024-05-26,0,1520.0460263337975,1484.7498909660474,0,0.5,0.65,0.46458354265045715,0.4541896406646294
20240528_키움_삼성,2024-05-28,0,1509.0336024473422,1407.0470791529622,-1,0.5,0.4,0.46224273006541955,0.45875890820460563
20240529_키움_삼성,2024-05-29,0,1496.1796973646865,1419.900984235618,0,0.4,0.4,0.46201814229403504,0.45917849123917276
20240530_키움_삼성,2024-05-30,1,1484.0188273256244,1432.06185427468,0,0.3,0.4,0.460379850323879,0.4613336096575307
20240531_한화_삼성,2024-05-31,1,1492.53443435789,1477.8361886142209,0,0.3,0.8,0.46105862230193284,0.4046689517154282
20240601_한화_삼성,2024-06-01,1,1502.11163703657,1468.2589859355407,0,0.4,0.8,0.4618276294518163,0.40447268626100386
20240602_한화_삼성,2024-06-02,1,1511.140351178475,1459.230271793636,0,0.5,0.7,0.4625451301469564,0.40416236331126554
20240604_삼성_SSG,2024-06-04,1,1519.6572782056112,1492.402758691337,0,0.5,0.4,0.4628575508945084,0.5054117476904164
20240605_삼성_SSG,2024-06-05,0,1528.874435182525,1483.1856017144232,0,0.6,0.4,0.46350389100769385,0.5048046938829249
20240606_삼성_SSG,2024-06-06,0,1517.5669330708538,1494.4931038260943,0,0.5,0.5,0.4624139833653639,0.5059878092506275
20240607_삼성_키움,2024-06-07,0,1506.9037895316865,1401.9090897481922,0,0.5,0.3,0.4612613172407527,0.45732116303479137
20240608_삼성_키움,2024-06-08,0,1493.970552111608,1414.8423271682707,0,0.5,0.4,0.4608035880004268,0.4581156944105443
20240609_삼성_키움,2024-06-09,1,1481.731636196792,1427.0812430830867,0,0.5,0.4,0.4588757558570246,0.46049237481573113
20240611_LG_삼성,2024-06-11,1,1490.1715171824096,1576.9766468776181,0,0.6,0.7,0.46075153441049915,0.6195181002893597
20240612_LG_삼성,2024-06-12,1,1502.6192490505127,1564.528915009515,0,0.6,0.7,0.4614588457160201,0.6185953650899004
20240613_LG_삼성,2024-06-13,1,1514.3825294194237,1552.765634640604,0,0.6,0.6,0.46185607450285754,0.6179984330429508
20240614_삼성_NC,2024-06-14,1,1525.4828113809187,1464.3937613033681,0,0.6,0.45,0.4628394080170914,0.5238250914762677
20240615_삼성_NC,2024-06-15,0,1533.7424253691127,1456.1341473151742,0,0.6,0.45,0.46383898968544335,0.5228330424935231
20240616_삼성_NC,2024-06-16,0,1521.5451045634886,1468.3314681207983,0,0.5,0.55,0.46336015136526937,0.5233701555921236
20240618_SSG_삼성,2024-06-18,0,1510.0253580222145,1513.5776109227918,0,0.5,0.6,0.4631648690809668,0.5101527101580287
20240619_SSG_삼성,2024-06-19,1,1500.1275965169527,1523.4753724280536,0,0.5,0.6,0.4618299212089625,0.511565832430554
20240620_SSG_삼성,2024-06-20,1,1510.798589788698,1512.8043791563082,0,0.6,0.6,0.4651788722149589,0.5083495474015902
20240621_두산_삼성,2024-06-21,1,1520.8563204060513,1554.7757452588203,0,0.7,0.5,0.4663758839309537,0.4843372761454075
20240623_두산_삼성,2024-06-23,1,1531.8295100004918,1543.8025556643797,0,0.7,0.5,0.46734758665814974,0.48350478529941576
20240623_두산_삼성,2024-06-23,1,1542.1739856036559,1533.4580800612157,0,0.7,0.5,0.468313309174322,0.48267774123160617
20240625_삼성_LG,2024-06-25,0,1551.923174288393,1525.05466346341,0,0.7,0.4,0.4701587291123135,0.6132260757782578
20240626_삼성_LG,2024-06-26,0,1541.1513743561673,1535.8264633956358,0,0.6,0.5,0.46904864080974296,0.6142107823438591
20240627_삼성_LG,2024-06-27,1,1530.9981230978713,1545.9797146539318,0,0.5,0.5,0.46878941833575405,0.6143920711770469
20240628_삼성_KT,2024-06-28,0,1541.4290609064424,1494.756746514749,0,0.6,0.6,0.46910172011042683,0.5224605678233438
20240630_삼성_KT,2024-06-30,0,1529.4040190664903,1506.7817883547011,0,0.65,0.65,0.4689316158064476,0.5226687515402854
20240702_KIA_삼성,2024-07-02,0,1518.7538175260615,1525.7911413186662,-2,0.55,0.45,0.4686739030264575,0.5436087230545398
20240703_KIA_삼성,2024-07-03,0,1508.9563402914334,1535.5886185532943,0,0.45,0.45,0.4676659032267417,0.5445250885680456
20240704_KIA_삼성,2024-07-04,0,1499.7213810521268,1544.8235777926009,0,0.35,0.55,0.4671928048889857,0.5449441140366289
20240710_NC_삼성,2024-07-10,1,1491.012283408009,1478.469580697,0,0.25,0.5,0.465887937845982,0.5234993455771848
20240711_NC_삼성,2024-07-11,1,1500.6514321527266,1468.8304319522824,0,0.25,0.4,0.46860563885410833,0.5207642652812285
20240712_삼성_두산,2024-07-12,1,1509.7381025079173,1519.0737685975398,0,0.35,0.5,0.4692512875446519,0.48756551842024126
20240713_삼성_두산,2024-07-13,0,1520.0067399278776,1508.8051311775796,0,0.45,0.5,0.4704828412616861,0.48648895380682855
20240714_삼성_두산,2024-07-14,1,1509.6844433761594,1519.1274277292978,0,0.35,0.5,0.46947294578364335,0.487656202377324
20240717_삼성_KIA,2024-07-17,0,1519.956167409217,1563.0040388413029,0,0.45,0.7,0.47064617887926075,0.5469116242548109
20240718_삼성_KIA,2024-07-18,0,1511.1888831246501,1571.7713231258697,0,0.4,0.8,0.46939113822406753,0.548033884189657
20240719_롯데_삼성,2024-07-19,0,1502.9151258098364,1484.3227569121539,0,0.4,0.3,0.46786388628805076,0.4719950922341009
20240720_롯데_삼성,2024-07-20,1,1492.380504642815,1494.8573780791753,0,0.4,0.4,0.46691284185626974,0.47323349000238984
20240721_롯데_삼성,2024-07-21,1,1502.4517935832641,1484.786089138726,0,0.5,0.4,0.47174635299331535,0.46872005307704995
20240723_삼성_한화,2024-07-23,0,1511.9437714603641,1420.0513310364713,0,0.6,0.2,0.47210090364210283,0.4107690673293922
20240724_삼성_한화,2024-07-24,0,1499.3588892478444,1432.636213248991,0,0.5,0.2,0.47191408161382503,0.4113049720992462
20240726_KT_삼성,2024-07-26,0,1487.4617220219463,1572.9998168469817,1,0.4,0.8,0.47168266238658324,0.5231253173078606
20240727_KT_삼성,2024-07-27,1,1479.8751401694517,1580.5863986994764,0,0.3,0.9,0.4709141358693427,0.5239366779590222
20240728_KT_삼성,2024-07-28,0,1492.6952945235141,1567.766244345414,0,0.4,0.8,0.4712217199942603,0.523622144438997
20240730_삼성_LG,2024-07-30,1,1484.8230007353407,1532.4080414572124,0,0.3,0.7,0.4710077527878215,0.6081688771910565
20240731_삼성_LG,2024-07-31,0,1496.1841082624808,1521.0469339300723,0,0.4,0.7,0.47267458930725065,0.6063518854706079
20240801_삼성_LG,2024-08-01,1,1486.8984988674815,1530.3325433250716,0,0.4,0.8,0.47119319177054125,0.6074779076236704
20240802_SSG_삼성,2024-08-02,1,1498.1421591304818,1506.732240054781,0,0.5,0.6,0.47310767274840176,0.50447241777173
20240803_SSG_삼성,2024-08-03,1,1508.3893511675694,1496.4850480176933,0,0.5,0.5,0.47342305408691226,0.5042016064966016
20240804_SSG_삼성,2024-08-04,1,1518.0468517986117,1486.827547386651,0,0.5,0.5,0.47565004794401483,0.5020920410530232
20240806_한화_삼성,2024-08-06,0,1527.1506985869955,1496.9917850938714,-1,0.6,0.7,0.47703878851521975,0.42048766996871817
20240807_한화_삼성,2024-08-07,1,1516.2848289609651,1507.8576547199018,0,0.6,0.8,0.47632906748984294,0.42154854964285293
20240808_한화_삼성,2024-08-08,0,1526.0423229440428,1498.1001607368241,0,0.7,0.8,0.4774747529934962,0.4208328953374426
20240809_삼성_KIA,2024-08-09,0,1515.239812339859,1526.561320634775,0,0.6,0.3,0.47701163865678187,0.5411491727053509
20240811_삼성_KIA,2024-08-11,1,1505.5655562546842,1536.23557671995,0,0.6,0.4,0.4768534240354832,0.5412232402904975
20240813_KT_삼성,2024-08-13,1,1516.4460245602188,1530.3730832484707,0,0.6,0.4,0.47716664169863116,0.518342448464451
20240814_KT_삼성,2024-08-14,1,1526.8466629686845,1519.972444840005,0,0.7,0.4,0.4785129081593997,0.5169534017414026
20240815_KT_삼성,2024-08-15,0,1536.6488328804678,1510.1702749282217,0,0.7,0.4,0.47905189140881643,0.5163978470918232
20240816_삼성_NC,2024-08-16,1,1525.888190798937,1417.6750293654381,0,0.6,0.1,0.47857942197443887,0.5154218623284805
20240817_삼성_NC,2024-08-17,1,1532.8705206280408,1410.6926995363344,0,0.6,0.1,0.47966332381547777,0.5143206693164852
20240818_삼성_NC,2024-08-18,1,1539.4920867865026,1404.0711333778727,0,0.6,0.1,0.4799669362325413,0.5140221161957903
20240820_두산_삼성,2024-08-20,1,1545.7804430368237,1504.1314513222503,0,0.7,0.6,0.4805202179632508,0.48483249582457516
20240821_두산_삼성,2024-08-21,0,1554.5873979598357,1495.3244963992383,0,0.7,0.5,0.48130297928870486,0.48407392848289427
20240823_롯데_삼성,2024-08-23,1,1542.8980268878076,1500.7957582609147,1,0.7,0.5,0.48057000069831873,0.4751962507948892
20240824_롯데_삼성,2024-08-24,0,1551.6921231574802,1492.0016619912421,0,0.8,0.5,0.48111954780479543,0.4747323551285241
20240825_롯데_삼성,2024-08-25,1,1539.9907996362117,1503.7029855125106,0,0.7,0.5,0.4791545389681541,0.4768761310947015
20240827_삼성_키움,2024-08-27,1,1548.9501337430563,1483.1647800039204,0,0.7,0.4,0.4804989342778814,0.4550366200467821
20240828_삼성_키움,2024-08-28,1,1557.0789870604156,1475.0359266865612,0,0.7,0.4,0.4807568776743661,0.45478365712480656
20240829_삼성_키움,2024-08-29,1,1564.760532183872,1467.3543815631047,0,0.8,0.4,0.481833359358701,0.45389555163177003
20240831_KIA_삼성,2024-08-31,0,1572.0281735309743,1555.2384064329246,0,0.8,0.7,0.4820900282042289,0.54285694923711
20240901_KIA_삼성,2024-09-01,0,1561.5453010119247,1565.7212789519742,0,0.7,0.7,0.48171496245938566,0.5430459831013562
20240903_롯데_삼성,2024-09-03,1,1551.6654895311515,1533.9768910288853,0,0.6,0.6,0.4815155653535129,0.4780906479667879
20240904_두산_삼성,2024-09-04,1,1561.1568101671473,1457.0191229220843,0,0.6,0.3,0.4825402558621701,0.48247909247740295
20240906_삼성_롯데,2024-09-06,1,1568.246133525915,1524.1800231318693,1,0.7,0.6,0.48357834819935747,0.4752713262406415
20240907_NC_삼성,2024-09-07,0,1576.9845663930216,1445.5332389449104,0,0.7,0.6,0.48485572225184875,0.5204408335787236
20240908_NC_삼성,2024-09-08,1,1563.371852781491,1459.145952556441,0,0.7,0.6,0.48291309172482366,0.5224012379726588
20240911_삼성_한화,2024-09-11,1,1570.4588524412,1501.1697591121638,2,0.7,0.4,0.4849379703358714,0.42126406634017216
20240912_삼성_한화,2024-09-12,1,1578.4905773983162,1493.1380341550475,0,0.7,0.3,0.4871942189104362,0.41927675001635556
20240914_삼성_SSG,2024-09-14,0,1586.082189434381,1455.3774379237236,-1,0.7,0.45,0.48869367774492256,0.4929734509013989
20240915_삼성_SSG,2024-09-15,0,1572.4881739192524,1468.9714534388522,0,0.6,0.55,0.4882599355942977,0.4934895453269961
20240917_삼성_두산,2024-09-17,0,1559.5938644397322,1473.7956126709641,1,0.6,0.4,0.48710990213055216,0.4831647544326609
20240918_삼성_KT,2024-09-18,1,1547.1733957892727,1534.3342422322094,0,0.6,0.6,0.4861777570172831,0.5206461036868967
20240919_삼성_KT,2024-09-19,0,1556.804023367718,1524.7036146537641,0,0.6,0.6,0.48670769142332243,0.520072227775449
20240922_키움_삼성,2024-09-22,1,1545.8827193711006,1430.353787240332,0,0.5,0.3,0.48507795100222717,0.44900130780275843
20240923_삼성_KIA,2024-09-23,0,1552.6748954941158,1579.253129670379,-3,0.5,0.7,0.48537833712871736,0.54842956554448
20240924_삼성_KIA,2024-09-24,0,1543.4383898268213,1588.4896353376735,0,0.5,0.7,0.48492804847260795,0.5487987890697613
20240925_키움_삼성,2024-09-25,1,1534.7278500992254,1435.2770084593983,0,0.4,0.4,0.48352489460090914,0.44933467106206104
20240928_LG_삼성,2024-09-28,0,1541.9411222462627,1508.2761973918114,1,0.4,0.6,0.4842746246445073,0.6014964216005205
