game_id,game_date,home_team,away_team,samsung_elo,opponent_elo,rest_diff,samsung_form,opponent_form,samsung_pythagorean,opponent_pythagorean,samsung_win
20220402SSKT0,2022-04-02,KT,삼성,1500.0,1500.0,0,0.5,0.5,0.5,0.5,0
20220403SSKT0,2022-04-03,KT,삼성,1490.0,1510.0,0,0.0,1.0,0.058823529411764705,0.9411764705882353,1
20220405SSOB0,2022-04-05,두산,삼성,1500.5750112778453,1519.4249887221547,0,0.5,1.0,0.3769230769230769,0.7538461538461538,1
20220406SSOB0,2022-04-06,두산,삼성,1511.1170255281338,1508.8829744718662,0,0.6666666666666666,0.6666666666666666,0.46301369863013697,0.5901639344262295,1
20220407SSOB0,2022-04-07,두산,삼성,1521.0527252560867,1498.9472747439133,0,0.75,0.5,0.64,0.36899563318777295,0
20220408WOSS0,2022-04-08,삼성,키움,1510.417336384919,1473.7865438475876,0,0.6,0.2,0.5863039399624765,0.15181932245922208,0
20220409WOSS0,2022-04-09,삼성,키움,1499.3669066949174,1484.8369735375893,0,0.5,0.3333333333333333,0.563570784490532,0.17560975609756097,0
20220410WOSS0,2022-04-10,삼성,키움,1488.9489452381436,1495.254934994363,0,0.42857142857142855,0.42857142857142855,0.5,0.24972253052164262,0
20220412HHSS0,2022-04-12,삼성,한화,1479.1304262855026,1464.4679262565148,0,0.375,0.25,0.4836109618484686,0.41857981847303793,1
20220413HHSS0,2022-04-13,삼성,한화,1488.7086559738814,1454.889696568136,0,0.4444444444444444,0.2222222222222222,0.5158690176322418,0.3902439024390244,1
20220414HHSS0,2022-04-14,삼성,한화,1497.7383307014238,1445.8600218405936,0,0.5,0.2,0.654054054054054,0.2757377049180328,1
20220415SSSK0,2022-04-15,SSG,삼성,1506.2561520569536,1578.08514778203,0,0.6,0.9,0.6882158310002545,0.8400444321021938,0
20220416SSSK0,2022-04-16,SSG,삼성,1498.2945970129792,1586.0467028260043,0,0.5,0.9,0.6282527881040892,0.8620689655172413,0
20220417SSSK0,2022-04-17,SSG,삼성,1490.7679348746715,1593.573364964312,0,0.4,0.9,0.5794912559618441,0.8656597774244833,0
20220419SSNC0,2022-04-19,NC,삼성,1483.6434756699775,1435.50223444043,0,0.3,0.2,0.5534181240063593,0.22075815933509021,0
20220420SSNC0,2022-04-20,NC,삼성,1472.266659421719,1446.8790506886885,0,0.3,0.3,0.5228887594641817,0.2832065535400819,0
20220421SSNC0,2022-04-21,NC,삼성,1461.5372430649647,1457.6084670454427,0,0.3,0.3,0.5,0.3107328738219159,1
20220422LTSS0,2022-04-22,삼성,롯데,1471.4241686208,1488.0563058979337,0,0.4,0.5,0.5475113122171946,0.4838751625487646,0
20220423LTSS0,2022-04-23,삼성,롯데,1461.9025146686686,1497.577959850065,0,0.4,0.5,0.506369168356998,0.5298241709325617,0
20220424LTSS0,2022-04-24,삼성,롯데,1452.925742866931,1506.5547316518027,0,0.3,0.6,0.4938652615732029,0.542778569973518,0
20220426LGSS0,2022-04-26,삼성,LG,1444.4571659709807,1520.6999005230148,0,0.2,0.5,0.47702363660372377,0.6126278345931525,1
20220427LGSS0,2022-04-27,삼성,LG,1456.617048794662,1508.5400176993335,0,0.2,0.4,0.49459475252731844,0.5868351682431384,0
20220428LGSS0,2022-04-28,삼성,LG,1448.1004845957823,1517.0565818982132,0,0.2,0.5,0.4584055459272097,0.6237910342393223,0
20220429SSHT0,2022-04-29,KIA,삼성,1440.059544816776,1485.1262042043206,0,0.2,0.5,0.4506160766673186,0.5267188660913299,1
20220430SSHT0,2022-04-30,KIA,삼성,1451.349441357164,1473.8363076639325,0,0.3,0.4,0.4570175037703944,0.520609794964411,1
20220501SSHT0,2022-05-01,KIA,삼성,1461.9957631699772,1463.1899858511194,0,0.4,0.3,0.46335210557283346,0.5147750982580426,1
20220503NCSS0,2022-05-03,삼성,NC,1472.0301355264025,1431.1598537155596,0,0.5,0.3,0.47798424952477014,0.35469019758296566,0
20220504NCSS0,2022-05-04,삼성,NC,1460.8591903766478,1442.3307988653144,0,0.4,0.4,0.46301369863013697,0.3824066390041494,1
20220505NCSS0,2022-05-05,삼성,NC,1470.3264053817484,1432.8635838602138,0,0.5,0.4,0.48841854225667014,0.3657583363212621,1
20220506SSLT0,2022-05-06,롯데,삼성,1479.2522982137136,1535.711180070506,0,0.6,0.65,0.5,0.545775239375105,1
20220507SSLT0,2022-05-07,롯데,삼성,1490.8631611092342,1524.1003171749855,0,0.7,0.55,0.5184439060245556,0.5224102584716807,1
20220508SSLT0,2022-05-08,롯데,삼성,1501.81689572068,1513.1465825635398,0,0.7,0.55,0.5289611752360965,0.5087712549049781,1
20220510SKSS0,2022-05-10,삼성,SSG,1512.1428747830787,1588.9434417699854,0,0.8,0.6,0.5354164573495428,0.6750070283947146,0
20220511SKSS0,2022-05-11,삼성,SSG,1504.3180589815984,1596.7682575714657,0,0.8,0.7,0.5279501588077204,0.6795735298559304,1
20220512SKSS0,2022-05-12,삼성,SSG,1516.9179158998004,1584.1684006532637,0,0.8,0.6,0.5302752293577981,0.6691082270372639,1
20220514OBSS0,2022-05-14,삼성,두산,1528.8297236708943,1544.6706453955858,0,0.8,0.7,0.536255846839987,0.5547796773416808,1
20220515OBSS0,2022-05-15,삼성,두산,1539.2853463765587,1534.2150226899214,0,0.8,0.6,0.5487435696593772,0.5396486662329213,1
20220517SSHH0,2022-05-17,한화,삼성,1549.1394210890326,1418.8612618332354,0,0.9,0.1,0.5508234532432323,0.3046025512025707,0
20220518SSHH0,2022-05-18,한화,삼성,1535.5561026179241,1432.4445803043438,0,0.8,0.2,0.5466271570507234,0.3107328738219159,1
20220519SSHH0,2022-05-19,한화,삼성,1542.6724823081915,1425.3282006140764,0,0.8,0.2,0.5515341380263522,0.3096727946117889,1
20220520KTSS0,2022-05-20,삼성,KT,1549.4178639191337,1467.2809096907567,0,0.8,0.3,0.554057965770525,0.4693539896217192,0
20220521KTSS0,2022-05-21,삼성,KT,1537.0968519852197,1479.6019216246707,0,0.7,0.3,0.541349178608878,0.4819336114638128,0
20220522KTSS0,2022-05-22,삼성,KT,1525.4569570382073,1491.241816571683,0,0.6,0.4,0.531851677773488,0.49115113547376665,1
20220524HTSS0,2022-05-24,삼성,KIA,1534.475337375635,1530.3065840622132,0,0.7,0.7,0.5340513349671095,0.5753252682036065,0
20220525HTSS0,2022-05-25,삼성,KIA,1524.355356767892,1540.4265646699562,0,0.6,0.7,0.5306119284972326,0.5764705882352941,0
20220526HTSS0,2022-05-26,삼성,KIA,1514.8175936822797,1549.9643277555685,0,0.5,0.7,0.5133309633842872,0.5876222234782117,0
20220527SSLG0,2022-05-27,LG,삼성,1505.8257613450514,1509.4384824661126,0,0.4,0.4,0.507672182614952,0.5532462344620156,0
20220528SSLG0,2022-05-28,LG,삼성,1495.9297400700436,1519.3345037411204,0,0.3,0.4,0.494949623772478,0.5644778888774353,0
20220529SSLG0,2022-05-29,LG,삼성,1486.6023661785032,1528.661877632661,0,0.3,0.5,0.48289009741229905,0.5740087347518341,1
20220531SSWO0,2022-05-31,키움,삼성,1497.807057136646,1569.4403195551786,0,0.3,0.9,0.49287447108603666,0.5702100587881858,0
20220601SSWO0,2022-06-01,키움,삼성,1489.8401019086598,1577.407274783165,0,0.2,0.9,0.4906111564146078,0.5717422796569247,1
20220602SSWO0,2022-06-02,키움,삼성,1502.3084419318566,1564.938934759968,0,0.3,0.8,0.4953704695972737,0.566059887738444,0
20220603OBSS0,2022-06-03,삼성,두산,1494.0918169268216,1461.7274747689107,0,0.3,0.3,0.4932283015214666,0.5044052008538715,1
20220604OBSS0,2022-06-04,삼성,두산,1503.1629813237541,1452.6563103719782,0,0.3,0.3,0.5,0.4978586821954239,0
20220607SSLT0,2022-06-07,롯데,삼성,1491.7194367038367,1449.2783747897408,0,0.3,0.25,0.48333796167731186,0.4181504655860472,1
20220608SSLT0,2022-06-08,롯데,삼성,1500.5039246548613,1440.4938868387162,0,0.4,0.25,0.48981775650543746,0.41369606003752346,1
20220609SSLT0,2022-06-09,롯데,삼성,1508.79367061904,1432.2041408745374,0,0.5,0.25,0.4939640026232906,0.41059747853097023,0
20220610NCSS0,2022-06-10,삼성,NC,1496.6242739311192,1455.197649348305,0,0.5,0.65,0.49215734518445614,0.4235294117647059,0
20220611NCSS0,2022-06-11,삼성,NC,1485.4375384773496,1466.3843848020747,0,0.5,0.65,0.47693535986752617,0.4411421863245178,0
20220612NCSS0,2022-06-12,삼성,NC,1474.889693710399,1476.9322295690254,0,0.4,0.75,0.47145187601957583,0.44772428777585005,1
20220614SSLG0,2022-06-14,LG,삼성,1484.948481940883,1531.920854343274,0,0.5,0.65,0.4755325559139404,0.5850891410048622,0
20220615SSLG0,2022-06-15,LG,삼성,1476.2922780092829,1540.5770582748742,0,0.4,0.65,0.462876581885428,0.5960975489501223,1
20220616SSLG0,2022-06-16,LG,삼성,1488.1217134291203,1528.7476228550368,0,0.5,0.6,0.46895137864025804,0.5895479550346807,0
20220617SSHT0,2022-06-17,KIA,삼성,1479.2857208446046,1536.498354835045,0,0.4,0.35,0.4673077431115103,0.5555650813382772,0
20220618SSHT0,2022-06-18,KIA,삼성,1470.9177081028774,1544.866367576772,0,0.4,0.45,0.4642036925366623,0.5580554250821982,1
20220619SSHT0,2022-06-19,KIA,삼성,1483.0145534585838,1532.7695222210657,0,0.4,0.45,0.4717540204359163,0.5509849834563502,1
20220621WOSS0,2022-06-21,삼성,키움,1494.4369066146896,1558.5440947237023,0,0.4,0.5,0.479175704989154,0.5381954797543086,0
20220622WOSS0,2022-06-22,삼성,키움,1486.261401133628,1566.719600204764,0,0.4,0.6,0.4777126254932982,0.5395064918286933,0
20220623WOSS0,2022-06-23,삼성,키움,1478.5366466020462,1574.4443547363458,0,0.4,0.6,0.4677754677754678,0.5496987000517958,0
20220624SSHH0,2022-06-24,한화,삼성,1471.2290496673434,1382.7787232359842,0,0.4,0.05,0.4597967351711112,0.34830666980616554,0
20220625SSHH0,2022-06-25,한화,삼성,1458.7368541769226,1395.270918726405,0,0.3,0.15,0.4550162712430117,0.3531603594704954,1
20220626SSHH0,2022-06-26,한화,삼성,1466.930207999005,1387.0775649043226,0,0.4,0.15,0.46045806009591855,0.3504567047361813,1
20220628KTSS0,2022-06-28,삼성,KT,1474.6714961024531,1518.0498616006212,0,0.4,0.5,0.4674612343533053,0.4878700694940807,0
20220629KTSS0,2022-06-29,삼성,KT,1465.9135785515382,1526.8077791515361,0,0.4,0.5,0.45263836292602994,0.5050418886321653,1
20220630KTSS0,2022-06-30,삼성,KT,1477.6485256840513,1515.072832019023,0,0.5,0.5,0.4626689925861317,0.4950414442374206,0
20220702SSNC0,2022-07-02,NC,삼성,1468.721537072344,1456.919748762345,0,0.4,0.35,0.44687830638938814,0.4245491610918529,0
20220703SSNC0,2022-07-03,NC,삼성,1458.3819848861187,1467.2593009485704,0,0.3,0.45,0.4248733157874062,0.45264350735777553,0
20220705LGSS0,2022-07-05,삼성,LG,1448.6374389926827,1576.459931425875,0,0.3,0.8,0.41960165975103736,0.6007523599971609,0
20220706LGSS0,2022-07-06,삼성,LG,1442.1589977055605,1582.9383727129973,0,0.3,0.8,0.41595372887244786,0.604336528593576,0
20220707LGSS0,2022-07-07,삼성,LG,1436.0028550229129,1589.094515395645,0,0.3,0.8,0.41678547077418954,0.6029319406339867,0
20220708SKSS0,2022-07-08,삼성,SSG,1430.1445468093252,1582.8383370794622,0,0.3,0.8,0.4163544378047439,0.6013221776218712,0
20220709SKSS0,2022-07-09,삼성,SSG,1424.2767468426346,1588.706137046153,0,0.2,0.8,0.416916238454021,0.6003387966774151,0
20220710SKSS0,2022-07-10,삼성,SSG,1418.6850894738327,1594.2977944149548,0,0.1,0.8,0.4155592779935766,0.6011994317011614,0
20220712SSKT0,2022-07-12,KT,삼성,1413.3490456139486,1555.8480107665337,0,0.1,0.8,0.41028802477521703,0.5392406991356004,0
20220714SSKT0,2022-07-14,KT,삼성,1407.235003450713,1561.9620529297692,0,0.0,0.8,0.4098360655737705,0.5402802537208242,0
20220722SSWO0,2022-07-22,키움,삼성,1401.415615104352,1593.458687424128,0,0.0,0.6,0.40871805707545833,0.5773415443543727,0
20220723SSWO0,2022-07-23,키움,삼성,1396.4413576239504,1598.4329449045294,0,0.0,0.6,0.40805879055863487,0.5781996883810051,0
20220724SSWO0,2022-07-24,키움,삼성,1391.6780240875976,1603.1962784408822,0,0.0,0.6,0.4014730031126688,0.5858818642585263,1
20220726HHSS0,2022-07-26,삼성,한화,1407.1108316981818,1341.2298680748788,0,0.1,0.2,0.41202176582476585,0.3525048476253871,0
20220727HHSS0,2022-07-27,삼성,한화,1395.2370296269862,1353.1036701460744,0,0.1,0.2,0.4102697895048918,0.35578784469811614,1
20220728HHSS0,2022-07-28,삼성,한화,1404.0302440526507,1344.31045572041,0,0.2,0.2,0.413645400070497,0.35810199339611104,0
20220729LTSS0,2022-07-29,삼성,롯데,1402.3281008720603,1425.3794843269015,0,0.25,0.4,0.41424945159128884,0.41353960906425846,1
20220730LTSS0,2022-07-30,삼성,롯데,1412.9906012077363,1414.7169839912256,0,0.35,0.3,0.4168618015424606,0.41390091112891236,0
20220731LTSS0,2022-07-31,삼성,롯데,1403.040290089569,1424.6672951093929,0,0.35,0.3,0.41733444550898824,0.416759637345145,0
20220803SSOB0,2022-08-03,두산,삼성,1403.6619625962323,1459.7584670274348,0,0.4,0.6,0.4182538019285492,0.4907841929798484,0
20220804SSOB0,2022-08-04,두산,삼성,1395.2626643749838,1468.1577652486833,0,0.4,0.6,0.4164171375824572,0.4931195918045291,1
20220805SSSK0,2022-08-05,SSG,삼성,1407.3305007875638,1641.20611439213,0,0.5,0.7,0.42503800896571614,0.5932124290191212,1
20220806SSSK0,2022-08-06,SSG,삼성,1423.2009698145578,1625.335645365136,0,0.6,0.6,0.4275368641479801,0.5905688467980398,0
20220807SSSK0,2022-08-07,SSG,삼성,1418.4406246663873,1630.0959905133066,0,0.5,0.7,0.4274801248454155,0.5903634415132981,0
20220810HTSS0,2022-08-10,삼성,KIA,1413.8762132750383,1478.8586927769995,0,0.5,0.3,0.4274249697680384,0.5494046366345078,1
20220812HTSS0,2022-08-12,삼성,KIA,1425.725050848113,1467.0098552039249,0,0.5,0.3,0.42885893719587787,0.54810618351472,1
20220813SSKT0,2022-08-13,KT,삼성,1436.9077616801637,1560.4284843898033,0,0.55,0.5,0.43086002628862796,0.5565555277011782,0
20220814SSKT0,2022-08-14,KT,삼성,1430.3203908670164,1567.0158552029507,0,0.45,0.5,0.4243175749451357,0.5640623935699203,0
20220816SSLG0,2022-08-16,LG,삼성,1424.0636212300356,1578.2986704745772,0,0.45,0.6,0.42368620369459076,0.6239754542447504,0
20220817SSLG0,2022-08-17,LG,삼성,1418.2325400382465,1584.1297516663662,0,0.4,0.7,0.42135582758975415,0.6258716860275272,0
20220818SSHH0,2022-08-18,한화,삼성,1412.6748563692029,1357.8800257336336,0,0.4,0.3,0.4188068077221077,0.36938351154323473,1
20220819SSHH0,2022-08-19,한화,삼성,1421.1106815582236,1349.4442005446128,0,0.4,0.2,0.42262456340437665,0.3679095409766923,1
20220821NCSS0,2022-08-21,삼성,NC,1429.076720214542,1525.7258924091238,0,0.4,0.7,0.42754969491159567,0.48609894395432723,0
20220823SSSK0,2022-08-23,SSG,삼성,1421.7889059140014,1634.1203507990467,0,0.4,0.7,0.4242675364572469,0.5956869477323685,0
20220824SSSK0,2022-08-24,SSG,삼성,1417.2381898205224,1638.6710668925257,0,0.4,0.7,0.4211919544930661,0.5986232043504228,0
20220825SSLT0,2022-08-25,롯데,삼성,1412.8690127121615,1491.9540037011575,0,0.3,0.7,0.41975426581032027,0.4156928180605732,1
20220826SSLT0,2022-08-26,롯데,삼성,1425.1067465980677,1479.7162698152513,0,0.3,0.6,0.42453343548288935,0.4129843008594167,0
20220827HHSS0,2022-08-27,삼성,한화,1416.6657178927505,1383.9870798050235,0,0.3,0.4,0.420692978229445,0.36694657334854464,1
20220828HHSS0,2022-08-28,삼성,한화,1425.7279149260437,1374.9248827717304,0,0.4,0.4,0.4242318591670245,0.3655980800100831,1
20220831SKSS0,2022-08-31,삼성,SSG,1434.276019124502,1613.1611363336617,0,0.5,0.5,0.4257593855646206,0.5943820224719101,1
20220901SSHT0,2022-09-01,KIA,삼성,1449.0133502201513,1488.2983043480656,0,0.6,0.6,0.42686599268659925,0.5489455141283484,1
20220902SSHT0,2022-09-02,KIA,삼성,1460.1392678561976,1477.1723867120193,0,0.6,0.5,0.4298995983601232,0.546082891277999,0
20220903SSOB0,2022-09-03,두산,삼성,1450.629128032928,1423.9067541056984,0,0.5,0.3,0.42613215398926185,0.4557057551459922,1
20220906WOSS0,2022-09-06,삼성,키움,1459.861509339183,1531.0114506472262,0,0.6,0.8,0.4291243097364176,0.5077364807990872,1
20220907WOSS0,2022-09-07,삼성,키움,1471.88121423069,1518.9917457557192,0,0.7,0.7,0.4362048306741502,0.5009532879802109,1
20220908LTSS0,2022-09-08,삼성,롯데,1483.22891482158,1467.0382426940705,0,0.8,0.4,0.437249935302744,0.4128288265764534,0
20220909LTSS0,2022-09-09,삼성,롯데,1472.7632468517606,1477.5039106638899,0,0.7,0.4,0.43654081947828693,0.41392176005671183,1
20220910LGSS0,2022-09-10,삼성,LG,1482.8996856573467,1607.5178268403151,0,0.8,0.75,0.44025012010103987,0.6479572658360991,0
20220911LGSS0,2022-09-11,삼성,LG,1476.340192398577,1614.0773200990848,0,0.7,0.75,0.4330538500205778,0.6542336449830549,1
20220913SSNC0,2022-09-13,NC,삼성,1490.1091743284417,1540.4833401408987,0,0.7,0.7,0.4350027831706423,0.5150808631489793,1
20220914SSNC0,2022-09-14,NC,삼성,1501.5489844113188,1529.0435300580216,0,0.7,0.6,0.4369396840428608,0.513260267034343,0
20220915OBSS0,2022-09-15,삼성,두산,1492.3386932311041,1414.2818097961997,0,0.6,0.3,0.43317545608436897,0.4542408393214657,1
20220916OBSS0,2022-09-16,삼성,두산,1500.1290874317806,1406.4914155955232,0,0.7,0.3,0.4424667530460214,0.4462432068905201,0
20220917HTSS0,2022-09-17,삼성,KIA,1487.4973908962077,1450.1082224603551,0,0.6,0.4,0.44196056574307585,0.5454691535150645,1
20220918HTSS0,2022-09-18,삼성,KIA,1496.4253792245809,1441.180234131982,0,0.6,0.4,0.4498383149502742,0.5379799216024598,1
20220920SSWO0,2022-09-20,키움,삼성,1504.848563003205,1530.861677887547,0,0.6,0.6,0.45287385830397764,0.5088645515385655,1
20220921SSWO0,2022-09-21,키움,삼성,1515.5958847161396,1520.1143561746126,0,0.7,0.5,0.4597428738393611,0.5017543805651568,0
20220922KTSS0,2022-09-22,삼성,KT,1505.7259294472926,1546.0704687249563,0,0.6,0.4,0.4592353011195429,0.5483038973170268,0
20220923KTSS0,2022-09-23,삼성,KT,1496.8819473549468,1554.9144508173022,0,0.6,0.5,0.4581761834122046,0.5494199909992813,1
20220925HTSS0,2022-09-25,삼성,KIA,1508.5368949705278,1439.7893159587697,0,0.6,0.2,0.46000135540591325,0.5212669683257919,0
20220928SSNC0,2022-09-28,NC,삼성,1496.5836067284176,1516.3665216100096,0,0.5,0.4,0.4594419366475251,0.5016313170290337,0
20220929NCSS0,2022-09-29,삼성,NC,1487.152390230314,1525.7977381081132,0,0.5,0.5,0.45888867861073374,0.5024330756207007,1
20220930OBSS0,2022-09-30,삼성,두산,1498.2601281445573,1434.5329903162483,0,0.5,0.4,0.4612984519380775,0.4443593780327374,1
20221001OBSS0,2022-10-01,삼성,두산,1506.4462103324854,1426.3469081283201,0,0.6,0.4,0.4678247893877263,0.43888034796955266,1
20221004SSKT0,2022-10-04,KT,삼성,1514.1807622941274,1576.7181967379465,0,0.6,0.7,0.4687567208129263,0.5624203673383874,0
20221005SSKT0,2022-10-05,KT,삼성,1505.9615439153445,1584.9374151167294,0,0.5,0.8,0.4659743821927735,0.5653354917481789,1
20221006SSOB0,2022-10-06,두산,삼성,1518.1962941417742,1435.7182609674492,0,0.5,0.4,0.46849978716072405,0.44469791017752064,0
20221007SSOB0,2022-10-07,두산,삼성,1505.8659961389849,1448.0485589702384,0,0.5,0.5,0.4679673134718048,0.4458042054685021,1
20221008SKSS0,2022-10-08,삼성,SSG,1514.2170697071792,1522.362920200455,0,0.6,0.5,0.4726334057824228,0.57669700596932,1
20230401NCSS0,2023-04-01,삼성,NC,1524.4514831804806,1535.9920780729863,0,0.5,0.5,0.5,0.5,0
20230402NCSS0,2023-04-02,삼성,NC,1514.7835260932075,1545.6600351602594,0,0.0,1.0,0.0,1.0,1
20230404HHSS0,2023-04-04,삼성,한화,1525.66989123589,1375.5592750980356,0,0.5,0.0,0.24615384615384617,0.3902439024390244,1
20230406HHSS0,2023-04-06,삼성,한화,1531.5995345177,1369.6296318162256,0,0.6666666666666666,0.0,0.36,0.4041237113402062,0
20230407SSLG0,2023-04-07,LG,삼성,1517.248402292024,1568.850903251652,0,0.5,0.6,0.24615384615384617,0.6138686131386861,0
20230408SSLG0,2023-04-08,LG,삼성,1508.7228160297655,1577.3764895139104,0,0.4,0.6666666666666666,0.2091672046481601,0.674648620510151,0
20230409SSLG0,2023-04-09,LG,삼성,1500.6735044379068,1585.425801105769,0,0.3333333333333333,0.7142857142857143,0.20867052023121388,0.6811320754716981,0
20230411SKSS0,2023-04-11,삼성,SSG,1493.0656112520946,1537.0238195791162,0,0.2857142857142857,0.8333333333333334,0.21607055365017147,0.699667221297837,0
20230412SKSS0,2023-04-12,삼성,SSG,1484.3241220225593,1545.7653088086515,0,0.25,0.8571428571428571,0.2358490566037736,0.686053412462908,0
20230413SKSS0,2023-04-13,삼성,SSG,1476.074334614067,1554.0150962171438,0,0.2222222222222222,0.875,0.21338340730624786,0.7212855637513171,1
20230414LTSS0,2023-04-14,삼성,롯데,1488.2807611045748,1484.3445679019255,0,0.3,0.4444444444444444,0.2851485148514851,0.38170347003154576,1
20230415LTSS0,2023-04-15,삼성,롯데,1498.167473204066,1474.4578558024343,0,0.4,0.4,0.3308282960300604,0.3810430706123645,0
20230416LTSS0,2023-04-16,삼성,롯데,1487.4861129152728,1485.1392160912276,0,0.3,0.5,0.31932558436581937,0.4235294117647059,1
20230418SSWO0,2023-04-18,키움,삼성,1497.4185648221269,1519.302601288208,0,0.3,0.5,0.38863458747348445,0.4800079968012795,1
20230419SSWO0,2023-04-19,키움,삼성,1508.0476063568526,1508.673559753482,0,0.4,0.4,0.4098360655737705,0.46368438428524267,1
20230420SSWO0,2023-04-20,키움,삼성,1518.0656227243594,1498.6555433859753,0,0.5,0.4,0.4428629195309341,0.4357512953367876,0
20230421SSHT0,2023-04-21,KIA,삼성,1507.5075362242296,1425.5932931828952,0,0.5,0.2,0.41525173482947,0.34223086441576805,0
20230422SSHT0,2023-04-22,KIA,삼성,1495.1925900145905,1437.9082393925344,0,0.5,0.3,0.4139417656032367,0.3623603984304256,0
20230423SSHT0,2023-04-23,KIA,삼성,1483.558593630198,1449.5422357769269,0,0.5,0.4,0.39617172876034057,0.4025818472185254,0
20230426OBSS0,2023-04-26,삼성,두산,1472.582640578454,1493.8238164423465,0,0.5,0.55,0.3902439024390244,0.5235163923087564,1
20230427OBSS0,2023-04-27,삼성,두산,1483.1932501885826,1483.2132068322178,0,0.5,0.55,0.3958904109589041,0.5175384615384615,1
20230428SSKT0,2023-04-28,KT,삼성,1493.1938245869587,1494.2851816828152,0,0.5,0.35,0.4072167428433967,0.5052354585823146,1
20230429SSKT0,2023-04-29,KT,삼성,1503.2252362658965,1484.2537700038774,0,0.6,0.25,0.41944847605224966,0.5,1
20230430SSKT0,2023-04-30,KT,삼성,1512.679735625241,1474.799270644533,0,0.6,0.15,0.4255278088695048,0.4953489378271968,1
20230502WOSS0,2023-05-02,삼성,키움,1521.593747935931,1495.4503032153352,0,0.6,0.4,0.43016845329249614,0.5052354585823146,0
20230503WOSS0,2023-05-03,삼성,키움,1510.8426960835486,1506.2013550677177,0,0.5,0.5,0.41442903511360285,0.5256241787122208,0
20230504WOSS0,2023-05-04,삼성,키움,1500.7091154967397,1516.3349356545266,0,0.5,0.5,0.40385904264700695,0.5399361022364217,1
20230509SSHH0,2023-05-09,한화,삼성,1511.1585597604176,1397.1803218471955,0,0.6,0.4,0.460379850323879,0.4098360655737705,1
20230510SSHH0,2023-05-10,한화,삼성,1517.990832841728,1390.348048765885,0,0.7,0.3,0.49236685700967253,0.3813855605716031,0
20230511SSHH0,2023-05-11,한화,삼성,1504.4738059246943,1403.8650756829188,0,0.7,0.4,0.4776231561369329,0.399811792192621,0
20230512LGSS0,2023-05-12,삼성,LG,1491.656368096859,1575.0825142537835,0,0.6,0.6,0.46328491982074405,0.5912897487658145,1
20230513LGSS0,2023-05-13,삼성,LG,1504.0124566550744,1562.7264256955682,0,0.6,0.5,0.478271138403401,0.5778915086046921,0
20230514LGSS0,2023-05-14,삼성,LG,1495.6864750091534,1571.0524073414892,0,0.5,0.6,0.4686719223771983,0.5842420043032712,0
20230516HTSS0,2023-05-16,삼성,KIA,1487.8222856678287,1476.0495994616595,0,0.4,0.4,0.46006389776357826,0.47601381604195986,0
20230517HTSS0,2023-05-17,삼성,KIA,1477.4835701441152,1486.388314985373,0,0.3,0.4,0.44213058989463205,0.5,0
20230519SSNC0,2023-05-19,NC,삼성,1467.7398131976229,1520.2270402280421,0,0.3,0.5,0.4413793103448276,0.5493839233326814,1
20230520SSNC0,2023-05-20,NC,삼성,1479.2391284245975,1508.7277250010675,0,0.4,0.5,0.445942034229475,0.5447816280500307,0
20230521SSNC0,2023-05-21,NC,삼성,1470.0858462507333,1517.8810071749317,0,0.3,0.6,0.4174752531759104,0.5755515955394706,1
20230523SSOB0,2023-05-23,두산,삼성,1481.452888992792,1471.466654316025,0,0.3,0.6,0.4209547029385346,0.4623722670604225,0
20230524SSOB0,2023-05-24,두산,삼성,1471.1655411797365,1481.7540021290804,0,0.3,0.7,0.4181384749167891,0.4692169005252019,1
20230525SSOB0,2023-05-25,두산,삼성,1481.4702072663154,1471.4493360425015,0,0.4,0.6,0.4329191558300667,0.456128721224539,0
20230526KTSS0,2023-05-26,삼성,KT,1471.1818633592998,1453.9973732541957,0,0.3,0.5,0.4315408191696852,0.42467473179639353,0
20230527KTSS0,2023-05-27,삼성,KT,1460.6876569155704,1464.491579697925,0,0.3,0.6,0.4247136175693079,0.4329722033058874,0
20230528KTSS0,2023-05-28,삼성,KT,1450.797138239723,1474.3820983737726,0,0.3,0.6,0.4184974269219717,0.4413793103448276,1
20230530SSSK0,2023-05-30,SSG,삼성,1461.474927173792,1575.0055401203829,0,0.4,0.55,0.42541951522684895,0.5808297176332106,0
20230531SSSK0,2023-05-31,SSG,삼성,1454.6310584966063,1581.8494087975685,0,0.4,0.6,0.4239026341628987,0.5823356885748567,1
20230601SSSK0,2023-06-01,SSG,삼성,1468.1373757100282,1568.3430915841466,0,0.4,0.6,0.4272189349112426,0.5787886272929369,0
20230602SSHH0,2023-06-02,한화,삼성,1460.9441311435148,1452.275670595228,0,0.4,0.55,0.4023575638506876,0.4070667957405615,1
20230603SSHH0,2023-06-03,한화,삼성,1470.6946845505872,1442.5251171881555,0,0.4,0.5,0.40782618448017455,0.40805879055863487,1
20230604SSHH0,2023-06-04,한화,삼성,1479.8856711953024,1433.3341305434403,0,0.5,0.5,0.4205087440381558,0.39813824095869893,0
20230606NCSS0,2023-06-06,삼성,NC,1468.5537708425004,1530.7851375148116,0,0.4,0.6,0.412508145714207,0.5914904112967874,1
20230607NCSS0,2023-06-07,삼성,NC,1480.3260211492366,1519.0128872080754,0,0.5,0.6,0.42132640913717845,0.5811884370766652,0
20230608NCSS0,2023-06-08,삼성,NC,1471.4349393736452,1527.9039689836668,0,0.5,0.6,0.4138717057876451,0.589741571264704,0
20230609LTSS0,2023-06-09,삼성,롯데,1463.0460867646289,1511.9271880972494,0,0.5,0.3,0.4033588685916323,0.5401138149909466,0
20230610LTSS0,2023-06-10,삼성,롯데,1454.4437880728058,1520.5294867890725,0,0.4,0.4,0.39670852146720487,0.5483446272991288,1
20230611LTSS0,2023-06-11,삼성,롯데,1466.3232753629047,1508.6499994989736,0,0.5,0.4,0.40363560008399074,0.5424762765476728,1
20230613SSLG0,2023-06-13,LG,삼성,1477.5355449986362,1534.575984413456,0,0.5,0.35,0.40915920254261773,0.5633479661248803,0
20230614SSLG0,2023-06-14,LG,삼성,1469.1627077102378,1542.9488217018543,0,0.5,0.35,0.40781779887909186,0.5647525605142558,0
20230615SSLG0,2023-06-15,LG,삼성,1461.2550798919808,1550.8564495201113,0,0.4,0.45,0.4068379540774156,0.5659132116523631,0
20230616SSKT0,2023-06-16,KT,삼성,1453.7783216240848,1497.8679841130916,0,0.3,0.7,0.39813824095869893,0.4428403139685263,0
20230617SSKT0,2023-06-17,KT,삼성,1445.0405558461864,1506.60574989099,0,0.3,0.7,0.3987266266451461,0.4458688326065284,0
20230618SSKT0,2023-06-18,KT,삼성,1436.794228103449,1514.8520776337273,0,0.2,0.7,0.39894106531528767,0.44859020563917745,1
20230620WOSS0,2023-06-20,삼성,키움,1449.0038603516057,1499.838181691276,0,0.3,0.75,0.4043400405258942,0.5187200269231848,0
20230621WOSS0,2023-06-21,삼성,키움,1440.4566377326285,1508.3854043102533,0,0.3,0.75,0.39753366681686736,0.5276032452876228,0
20230622WOSS0,2023-06-22,삼성,키움,1432.3872474326872,1516.4547946101945,0,0.3,0.85,0.3945987261146497,0.5311623401521623,0
20230623SSSK0,2023-06-23,SSG,삼성,1424.7607645970486,1571.7081120621726,0,0.2,0.6,0.3934923178644672,0.5770027113630761,0
20230624SSSK0,2023-06-24,SSG,삼성,1418.7548790384787,1577.7139976207425,0,0.1,0.7,0.38489997259523157,0.586452032677061,0
20230625SSSK0,2023-06-25,SSG,삼성,1413.035496084574,1583.4333805746471,0,0.1,0.7,0.38441205922868515,0.5880830025221453,1
20230627SSLT0,2023-06-27,롯데,삼성,1427.581187924322,1451.3736308763143,0,0.2,0.2,0.3902439024390244,0.4730835023166767,0
20230628SSLT0,2023-06-28,롯데,삼성,1418.264921018148,1460.6898977824883,0,0.2,0.3,0.3885665214395917,0.47675675675675677,0
20230630HHSS0,2023-06-30,삼성,한화,1409.47997693694,1497.221180748164,0,0.2,0.65,0.38664086622812094,0.456312656996085,0
20230701HHSS0,2023-07-01,삼성,한화,1401.9530202069848,1504.7481374781191,0,0.2,0.7,0.38054298642533935,0.4651008455876253,0
20230702HHSS0,2023-07-02,삼성,한화,1394.8282887170092,1511.8728689680947,0,0.1,0.8,0.37444765981042816,0.4756242568370987,1
20230704OBSS0,2023-07-04,삼성,두산,1408.0751925644768,1480.4007281262532,0,0.2,0.5,0.37639457506540597,0.43384156706854615,0
20230705OBSS0,2023-07-05,삼성,두산,1400.1273312357855,1488.3485894549444,0,0.2,0.6,0.3750089137027731,0.43784202822418183,0
20230706OBSS0,2023-07-06,삼성,두산,1392.6133420985384,1495.8625785921915,0,0.2,0.7,0.3728163145968862,0.44357700496806246,0
20230708SSNC0,2023-07-08,NC,삼성,1385.500596130553,1489.9815829933539,0,0.2,0.2,0.3684554660712862,0.5568260879854225,1
20230709SSNC0,2023-07-09,NC,삼성,1398.4203140073314,1477.0618651165755,0,0.3,0.2,0.3806246774168322,0.5440541977849199,1
20230712SSHT0,2023-07-12,KIA,삼성,1410.6459203229156,1514.5974808725723,0,0.3,0.6,0.3911402379259316,0.5368728077224896,0
20230713SSHT0,2023-07-13,KIA,삼성,1403.551692903399,1521.6917082920888,0,0.3,0.7,0.39054055078418143,0.5381124170836727,1
20230721KTSS0,2023-07-21,삼성,KT,1416.8267730454845,1530.824274477366,0,0.4,0.6,0.39526024495844386,0.47981979959223137,0
20230722KTSS0,2023-07-22,삼성,KT,1409.994998767935,1537.6560487549157,0,0.4,0.6,0.38995295576383066,0.4867044787519183,1
20230723KTSS0,2023-07-23,삼성,KT,1423.512486380934,1524.1385611419166,0,0.5,0.5,0.3948628848806176,0.4828772234273319,0
20230725SKSS0,2023-07-25,삼성,SSG,1416.330383790199,1531.237004642278,0,0.4,0.4,0.39562175969595365,0.5244419025128224,1
20230726SKSS0,2023-07-26,삼성,SSG,1429.5221300115675,1518.0452584209095,0,0.5,0.4,0.4014982899951143,0.5188612099644128,0
20230727SKSS0,2023-07-27,삼성,SSG,1422.0162906620214,1525.5510977704555,0,0.5,0.4,0.4021117221796106,0.5198072823815488,1
20230728SSWO0,2023-07-28,키움,삼성,1434.9110771006456,1469.2782167407931,0,0.6,0.3,0.4046796512329411,0.46447183647995005,0
20230729SSWO0,2023-07-29,키움,삼성,1435.8970293093523,1468.2922645320864,0,0.55,0.35,0.4058497063997423,0.46493269604283133,1
20230730SSWO0,2023-07-30,키움,삼성,1446.8267464077994,1457.3625474336393,0,0.55,0.35,0.41290813649885827,0.4589383613608925,1
20230801HTSS0,2023-08-01,삼성,KIA,1457.1298982198323,1516.2693267130253,0,0.65,0.6,0.4193199963801645,0.5415944540727903,0
20230802HTSS0,2023-08-02,삼성,KIA,1448.8158166698713,1524.5834082629863,0,0.55,0.6,0.4176282283655589,0.5445660715264706,1
20230803HTSS0,2023-08-03,삼성,KIA,1460.9626579206656,1512.436567012192,0,0.65,0.5,0.42000514062309763,0.5424762765476728,0
20230804LGSS0,2023-08-04,삼성,LG,1452.4334507491092,1592.8103312227129,0,0.55,0.7,0.41733444550898824,0.6230769230769231,1
20230805LGSS0,2023-08-05,삼성,LG,1466.267430619186,1578.9763513526361,0,0.65,0.7,0.41926902731023313,0.6207937651613933,1
20230806LGSS0,2023-08-06,삼성,LG,1479.4022517078176,1565.8415302640044,0,0.65,0.7,0.4233605448593051,0.6164179834646054,0
20230808SSOB0,2023-08-08,두산,삼성,1471.8400818812436,1509.3532963670332,0,0.65,0.3,0.4210285465242972,0.4634788546745224,0
20230809SSOB0,2023-08-09,두산,삼성,1462.9156227193805,1518.2777555288963,0,0.55,0.4,0.41956445214015925,0.46633039092055484,1
20230811SSSK0,2023-08-11,SSG,삼성,1474.4957222236828,1501.6539645907308,0,0.6,0.5,0.4225481978206203,0.5168626722546641,1
20230812SSSK0,2023-08-12,SSG,삼성,1485.2758110904126,1490.873875724001,0,0.6,0.4,0.4243395429054401,0.5154909173543155,0
20230813SSSK0,2023-08-13,SSG,삼성,1475.4369224006184,1500.7127644137952,0,0.5,0.4,0.42369054990350585,0.5165831148636132,0
20230815LGSS0,2023-08-15,삼성,LG,1466.1631388930962,1597.080390140835,0,0.5,0.8,0.4198423539422711,0.6307414942006396,1
20230816LGSS0,2023-08-16,삼성,LG,1479.7624794403594,1583.481049593572,0,0.5,0.7,0.42178557593611093,0.6283377195806651,0
20230817LGSS0,2023-08-17,삼성,LG,1472.6621110447486,1590.5814179891827,0,0.5,0.7,0.41944847605224966,0.6301028103674594,1
20230818HTSS0,2023-08-18,삼성,KIA,1485.931518886447,1510.6825523357961,0,0.5,0.55,0.4219686041578277,0.5562542539898615,1
20230819HTSS0,2023-08-19,삼성,KIA,1496.6427082006269,1499.9713630216163,0,0.5,0.45,0.4330924557129289,0.5443568260226712,0
20230820HTSS0,2023-08-20,삼성,KIA,1486.7385116565536,1509.8755595656896,0,0.5,0.45,0.43283347029594016,0.5449145143951073,1
20230822SSHH0,2023-08-22,한화,삼성,1497.4034667514986,1472.9301548078136,0,0.6,0.45,0.4354654466192981,0.45745434255424167,1
20230825WOSS0,2023-08-25,삼성,키움,1506.7002309250786,1394.9087111612241,0,0.6,0.4,0.4379264976756425,0.41716312859565935,0
20230826WOSS0,2023-08-26,삼성,키움,1493.5892395895391,1408.0197024967636,0,0.5,0.5,0.43568895160367643,0.42080660338541576,1
20230827WOSS0,2023-08-27,삼성,키움,1501.1749691908572,1400.4339728954455,0,0.6,0.4,0.4373246312472347,0.420692978229445,1
20230831SSKT0,2023-08-31,KT,삼성,1508.3540270078904,1636.0856080836734,0,0.7,0.8,0.44004515632924857,0.5375705794366175,0
20230901NCSS0,2023-09-01,삼성,NC,1501.8732933696442,1521.9628619318228,0,0.6,0.55,0.43873687664627087,0.5521649640274184,0
20230902NCSS0,2023-09-02,삼성,NC,1492.4508740759798,1531.3852812254872,0,0.6,0.6,0.43005504696210345,0.5616923320184076,0
20230903NCSS0,2023-09-03,삼성,NC,1483.566828934857,1540.26932636661,0,0.5,0.7,0.4267715991257548,0.5653093461866804,1
20230905SSLT0,2023-09-05,롯데,삼성,1495.184520929537,1439.1406853823796,0,0.5,0.2,0.4318016581959183,0.46657286735590453,0
20230906SSLT0,2023-09-06,롯데,삼성,1483.5852962770398,1450.7399100348769,0,0.5,0.3,0.4262968173758127,0.47377898581500044,1
20230907SSLT0,2023-09-07,롯데,삼성,1492.642736336595,1441.6824699753217,0,0.5,0.3,0.43136094674556213,0.4692007551452616,0
20230908SSOB0,2023-09-08,두산,삼성,1481.1864106611226,1481.0088166307926,0,0.4,0.5,0.43065347193130304,0.4737024221453287,0
20230909SSOB2,2023-09-09,두산,삼성,1471.1812990944823,1491.013928197433,0,0.4,0.5,0.43069328924444894,0.47509025127305454,0
20230909SSOB1,2023-09-09,두산,삼성,1461.7515088459338,1500.4437184459814,0,0.3,0.5,0.4274324856310527,0.47915504342083215,1
20230910SSOB0,2023-09-10,두산,삼성,1472.860578978291,1489.3346483136243,0,0.3,0.4,0.4313007800564933,0.4753358512028703,0
20230912HTSS0,2023-09-12,삼성,KIA,1463.3343857766813,1579.336890260083,0,0.3,0.8,0.4267136874586731,0.5731734333692714,1
20230914KTSS0,2023-09-14,삼성,KT,1476.5544322123264,1587.852890847794,0,0.4,0.45,0.42875193494152586,0.5300612805698655,1
20230915SSNC0,2023-09-15,NC,삼성,1489.652599940343,1555.57682151358,0,0.5,0.7,0.43463800187863005,0.5656282443341125,0
20230917LTSS0,2023-09-17,삼성,롯데,1481.527603331525,1460.1456706704193,0,0.4,0.5,0.42929111652352264,0.47249789739276704,0
20230919SSKT0,2023-09-19,KT,삼성,1470.9129576202297,1575.2975582629063,0,0.4,0.55,0.4274603758129965,0.5283520652927106,0
20230921OBSS0,2023-09-21,삼성,두산,1463.8301375683357,1538.9340117654642,0,0.3,0.8,0.42302608455945695,0.49721966931500966,0
20230922OBSS0,2023-09-22,삼성,두산,1455.9587485006962,1546.8054008331037,0,0.3,0.8,0.42015116030057464,0.5009216582032677,0
20230927SSHH2,2023-09-27,한화,삼성,1448.5155199053452,1449.3032506836903,0,0.3,0.2,0.41879210632910707,0.4380632738747894,0
20230927SSHH1,2023-09-27,한화,삼성,1438.5381925808392,1459.2805780081962,0,0.3,0.3,0.41583122258436384,0.44167992749109136,1
20230928SSLG0,2023-09-28,LG,삼성,1449.1344981308641,1600.4740873081757,0,0.3,0.9,0.4231605050721767,0.6340107248154817,1
20230930NCSS0,2023-09-30,삼성,NC,1463.2343245059267,1562.4595955335285,0,0.4,0.6,0.43182667164736643,0.5769966915689975,1
20231001SSLT0,2023-10-01,롯데,삼성,1476.0150630255955,1478.5954658044384,0,0.4,0.7,0.4336283185840708,0.4860896491870005,0
20231002SSLT2,2023-10-02,롯데,삼성,1466.089331622198,1488.521197207836,0,0.3,0.7,0.4319555208936074,0.4888234085240453,1
20231002SSLT1,2023-10-02,롯데,삼성,1476.7340769837836,1477.8764518462503,0,0.4,0.6,0.43424900310146214,0.48725780445944367,1
20231003SSLT0,2023-10-03,롯데,삼성,1486.7669570569055,1467.8435717731284,0,0.5,0.5,0.4358748748808746,0.48660207084407514,0
20231004HHSS0,2023-10-04,삼성,한화,1476.222836190424,1455.8151602922399,0,0.5,0.4,0.43201327290954605,0.4372310322062824,0
20231005HHSS0,2023-10-05,삼성,한화,1465.6361306479769,1466.401865834687,0,0.5,0.4,0.4299459995780326,0.4413793103448276,1
20231006SSKT0,2023-10-06,KT,삼성,1475.6581702426176,1561.9976566359735,0,0.6,0.5,0.4316431827999905,0.528135375748412,1
20231008SSHT0,2023-10-08,KIA,삼성,1488.0932986758448,1507.3290809946225,0,0.7,0.5,0.4350105186000455,0.5424120533713354,0
20231009SSHT0,2023-10-09,KIA,삼성,1478.6463839898377,1516.7759956806296,0,0.6,0.5,0.43441627990003573,0.5430689416515566,0
20231010SSWO0,2023-10-10,키움,삼성,1469.739457572076,1440.3730242853612,0,0.5,0.6,0.43313743970726837,0.42844442540246996,0
20231014SKSS0,2023-10-14,삼성,SSG,1458.8962307835388,1518.3587198947794,0,0.4,0.9,0.43206717032726255,0.4671506210313696,1
20231015SSNC0,2023-10-15,NC,삼성,1470.5911819557214,1508.5606423105378,0,0.5,0.4,0.43391941677550144,0.5532235669963752,0
20240323SSKT0,2024-03-23,KT,삼성,1461.6797008578776,1572.757060668628,0,0.5,0.5,0.5,0.5,1
20240324SSKT0,2024-03-24,KT,삼성,1474.772114548777,1559.6646469777286,0,1.0,0.0,0.9,0.1,1
20240326SSLG0,2024-03-26,LG,삼성,1487.1680263403362,1546.3054486546716,0,1.0,0.5,0.7429305912596401,0.5901639344262295,0
20240327SSLG0,2024-03-27,LG,삼성,1478.8538886890778,1554.61958630593,0,0.6666666666666666,0.6666666666666666,0.6711409395973155,0.6023529411764705,0
20240328SSLG0,2024-03-28,LG,삼성,1481.000677939258,1552.4727970557499,0,0.625,0.625,0.654054054054054,0.5901639344262295,0
20240329SKSS0,2024-03-29,삼성,SSG,1473.0292759195163,1506.8595215446371,0,0.5,0.4,0.313946587537092,0.31528384279475985,0
20240330SKSS0,2024-03-30,삼성,SSG,1463.9999229759628,1515.8888744881906,0,0.4166666666666667,0.5,0.31300987548303993,0.3790175864160097,0
20240331SKSS0,2024-03-31,삼성,SSG,1455.4824012097988,1524.4063962543546,0,0.35714285714285715,0.5714285714285714,0.3120343839541547,0.44461538461538463,0
20240402WOSS0,2024-04-02,삼성,키움,1447.4405728989357,1434.3033482148594,0,0.3125,0.3333333333333333,0.3157125456760049,0.41857981847303793,0
20240404WOSS0,2024-04-04,삼성,키움,1437.0626332793827,1444.6812878344124,0,0.2777777777777778,0.42857142857142855,0.2901564288439527,0.5,0
20240405SSHT0,2024-04-05,KIA,삼성,1427.281880644033,1573.9420673092213,0,0.25,0.7777777777777778,0.24092757114892335,0.6432731508444962,0
20240406SSHT0,2024-04-06,KIA,삼성,1421.2690461764732,1579.954901776781,0,0.15,0.8,0.2339522546419098,0.6638841149030199,1
20240407SSHT0,2024-04-07,KIA,삼성,1435.5432371029337,1565.6807108503206,0,0.15,0.7,0.272809907965004,0.6182965299684543,1
20240409SSLT0,2024-04-09,롯데,삼성,1449.1230257388372,1448.3157770765947,0,0.25,0.4,0.31281795511221944,0.4028941355674029,1
20240410SSLT0,2024-04-10,롯데,삼성,1459.0997912964467,1438.3390115189852,0,0.3,0.4,0.3672883787661406,0.3503568596352101,1
20240411SSLT0,2024-04-11,롯데,삼성,1468.5029581986892,1428.9358446167428,0,0.4,0.4,0.39805190085047615,0.3474737845567207,1
20240412NCSS0,2024-04-12,삼성,NC,1477.3690230473096,1548.2551116138452,0,0.5,0.7,0.4235294117647059,0.7033188817461504,0
20240413NCSS0,2024-04-13,삼성,NC,1469.3814423173355,1556.2426923438193,0,0.5,0.7,0.400990099009901,0.716793446459918,0
20240414NCSS0,2024-04-14,삼성,NC,1461.8306926210432,1563.7934420401116,0,0.5,0.7,0.39943390885932634,0.7139165965629131,1
20240416OBSS0,2024-04-16,삼성,두산,1474.6839691563027,1499.3243856806573,0,0.6,0.5,0.4413793103448276,0.4897969807391983,1
20240417OBSS0,2024-04-17,삼성,두산,1485.3919906912358,1488.6163641457242,0,0.7,0.5,0.4538027205064591,0.48077634011090575,1
20240418OBSS0,2024-04-18,삼성,두산,1495.4847929551058,1478.5235618818542,0,0.8,0.4,0.4867864488338702,0.4498980907616156,1
20240419SSHH0,2024-04-19,한화,삼성,1504.9969969309075,1449.6673251380048,0,0.8,0.2,0.5,0.5470650919101323,0
20240420SSHH0,2024-04-20,한화,삼성,1493.4178084163311,1461.2465136525811,0,0.7,0.3,0.47926203834371667,0.5681733283526336,1
20240421SSHH0,2024-04-21,한화,삼성,1502.4944815110337,1452.1698405578786,0,0.7,0.3,0.4834755889382042,0.5633797020330892,1
20240423LGSS0,2024-04-23,삼성,LG,1511.0560673467025,1532.8483850011398,0,0.7,0.55,0.4920005119672341,0.5644778888774353,1
20240424LGSS0,2024-04-24,삼성,LG,1521.6824794040444,1522.221972943798,0,0.7,0.55,0.5076918525531033,0.5484965119076257,1
20240425LGSS0,2024-04-25,삼성,LG,1531.6980072638446,1512.2064450839978,0,0.8,0.45,0.5300480090369952,0.5271907514450868,0
20240426SSWO0,2024-04-26,키움,삼성,1521.137582834231,1462.3080299464516,0,0.8,0.3,0.5072459963244946,0.4964664752153827,1
20240427SSWO0,2024-04-27,키움,삼성,1529.4603311171297,1453.9852816635528,0,0.8,0.2,0.5179153931112424,0.48601672126338435,1
20240428SSWO0,2024-04-28,키움,삼성,1537.3215232827067,1446.1240894979758,0,0.8,0.1,0.5550049788989521,0.449623447995115,1
20240430SSOB0,2024-04-30,두산,삼성,1544.7553180180525,1496.9721179919206,0,0.8,0.6,0.5680853310803675,0.5174365559422837,0
20240501SSOB0,2024-05-01,두산,삼성,1533.388613106309,1508.338822903664,0,0.7,0.7,0.5544995361302959,0.5287119236988879,1
20240502SSOB0,2024-05-02,두산,삼성,1542.6688688992765,1499.0585671106967,0,0.8,0.6,0.5741223863418378,0.5083559624485996,1
20240503LTSS0,2024-05-03,삼성,롯데,1551.4202143230975,1402.8911575773393,0,0.8,0.35,0.5787733234805099,0.34971098265895956,0
20240504LTSS0,2024-05-04,삼성,롯데,1537.3879069611128,1416.923464939324,0,0.7,0.35,0.5725011414173867,0.3591782880389965,0
20240508HTSS0,2024-05-08,삼성,KIA,1524.0532319596155,1568.7313369671597,0,0.6,0.5,0.5507163323782235,0.6108739851081878,0
20240509HTSS0,2024-05-09,삼성,KIA,1515.3321294985562,1577.452439428219,0,0.5,0.5,0.5443568260226712,0.6141536133971541,1
20240510SSNC0,2024-05-10,NC,삼성,1527.101283557,1533.5188876729217,0,0.6,0.6,0.55163272861903,0.6269191402251791,0
20240511SSNC0,2024-05-11,NC,삼성,1517.2859760469803,1543.3341951829414,0,0.5,0.6,0.5315474872703122,0.64,1
20240512SSNC0,2024-05-12,NC,삼성,1528.0343024910285,1532.5858687388932,0,0.5,0.5,0.5337277787511624,0.6358569437993498,1
20240514SSSK0,2024-05-14,SSG,삼성,1538.1652996045168,1518.8358176385268,0,0.5,0.5,0.5455901259964001,0.4336283185840708,0
20240516SSSK0,2024-05-16,SSG,삼성,1527.6095256879419,1529.3915915551017,0,0.5,0.5,0.5271404725061836,0.4497076847221244,1
20240517HHSS0,2024-05-17,삼성,한화,1537.6608172168944,1400.9360386125359,0,0.5,0.35,0.5450389072195133,0.38977536060534407,1
20240518HHSS0,2024-05-18,삼성,한화,1543.9168613662043,1394.679994463226,0,0.5,0.25,0.5483850369818549,0.38841854827849354,1
20240519HHSS0,2024-05-19,삼성,한화,1549.867508069899,1388.7293477595313,0,0.6,0.25,0.5487723170299137,0.3902439024390244,0
20240521KTSS0,2024-05-21,삼성,KT,1535.5358032090635,1500.3188207097182,0,0.6,0.4,0.5258447827701448,0.43819412193989254,0
20240522KTSS0,2024-05-22,삼성,KT,1524.5256342256384,1511.3289896931433,0,0.6,0.4,0.5188612099644128,0.4449097509519073,1
20240523KTSS0,2024-05-23,삼성,KT,1534.1459868193053,1501.7086370994764,0,0.6,0.3,0.5228570688001659,0.4417914920983785,0
20240524SSLT0,2024-05-24,롯데,삼성,1523.2150680592722,1481.6504363767913,0,0.6,0.55,0.5081295439524124,0.44751381215469616,1
20240525SSLT0,2024-05-25,롯데,삼성,1532.024416568287,1472.8410878677764,0,0.6,0.55,0.5196774143567655,0.43669641100838685,0
20240526SSLT0,2024-05-26,롯데,삼성,1520.3372705090028,1484.5282339270607,0,0.5,0.65,0.5172693188765551,0.440419204798658,0
20240528WOSS0,2024-05-28,삼성,키움,1509.3102376487477,1407.6332749510304,0,0.5,0.4,0.5018832324923217,0.432580186443356,0
20240529WOSS0,2024-05-29,삼성,키움,1496.4645188269021,1420.478993772876,0,0.4,0.4,0.5,0.43543836722143214,0
20240530WOSS0,2024-05-30,삼성,키움,1484.311694854241,1432.631817745537,0,0.3,0.4,0.48917094529437827,0.4487070930762717,1
20240531HHSS0,2024-05-31,삼성,한화,1492.8351025375441,1477.7579644767209,0,0.3,0.8,0.49285750727003724,0.4812672256230236,1
20240601HHSS0,2024-06-01,삼성,한화,1502.401419819148,1468.191647195117,0,0.4,0.8,0.4965157217433532,0.47837950023521597,1
20240602HHSS0,2024-06-02,삼성,한화,1511.4199531670179,1459.1731138472471,0,0.5,0.7,0.5,0.47546486911919816,1
20240604SSSK0,2024-06-04,SSG,삼성,1519.9274020216615,1493.346271897251,0,0.5,0.4,0.5017093967144518,0.43656309345832156,1
20240605SSSK0,2024-06-05,SSG,삼성,1529.1638248227998,1484.1098490961126,0,0.6,0.4,0.5050932464762344,0.43383650557843206,0
20240606SSSK0,2024-06-06,SSG,삼성,1517.8742872751334,1495.399386643779,0,0.5,0.5,0.49833055557103917,0.44101661476567183,0
20240607SSWO0,2024-06-07,키움,삼성,1507.2283084242388,1402.4519164826359,0,0.5,0.3,0.4917086961065247,0.42869393904276276,0
20240608SSWO0,2024-06-08,키움,삼성,1494.3008148500987,1415.379410056776,0,0.5,0.4,0.48861936056932276,0.4334083139385976,0
20240609SSWO0,2024-06-09,키움,삼성,1482.0675540539737,1427.612670852901,0,0.5,0.4,0.47771807998378024,0.44614727170748647,1
20240611LGSS0,2024-06-11,삼성,LG,1490.512925783574,1576.8599993323658,0,0.6,0.7,0.48742337354162546,0.5728486752275042,1
20240612LGSS0,2024-06-12,삼성,LG,1502.9482596422326,1564.4246654737071,0,0.6,0.7,0.49071287546243936,0.5691111537723171,1
20240613LGSS0,2024-06-13,삼성,LG,1514.69945485025,1552.6734702656897,0,0.6,0.6,0.49236685700967253,0.5669130566721989,1
20240614SSNC0,2024-06-14,NC,삼성,1525.7881033039746,1464.1788186616388,0,0.6,0.45,0.4969879791335904,0.5174365559422837,1
20240615SSNC0,2024-06-15,NC,삼성,1534.0332010719874,1455.933720893626,0,0.6,0.45,0.5014814782299517,0.512873402335261,0
20240616SSNC0,2024-06-16,NC,삼성,1521.8224291307392,1468.1444928348742,0,0.5,0.55,0.4985401490965974,0.5155110759304855,0
20240618SKSS0,2024-06-18,삼성,SSG,1510.2896302742731,1514.1938293295732,0,0.5,0.6,0.49711817955319326,0.46932131854041637,0
20240619SKSS0,2024-06-19,삼성,SSG,1500.401997426425,1524.0814621774214,0,0.5,0.6,0.4900719007632666,0.47632906748984294,1
20240620SKSS0,2024-06-20,삼성,SSG,1511.0824938761343,1513.400965727712,0,0.6,0.6,0.5055553840930835,0.4626329667844899,1
20240621OBSS0,2024-06-21,삼성,두산,1521.149223869686,1554.3927942386556,0,0.7,0.5,0.5110483747901724,0.5448388826212944,1
20240623OBSS1,2024-06-23,삼성,두산,1532.1031414199892,1543.4388766883524,0,0.7,0.5,0.5149626350523553,0.540439976708621,1
20240623OBSS2,2024-06-23,삼성,두산,1542.4292943849796,1533.112723723362,0,0.7,0.5,0.5187601488741037,0.5361573496128833,1
20240625SSLG0,2024-06-25,LG,삼성,1552.1612061797957,1524.9466264615392,0,0.7,0.4,0.5262975778546712,0.5534814277579305,0
20240626SSLG0,2024-06-26,LG,삼성,1541.3795056817244,1535.7283269596105,0,0.6,0.5,0.5209332273885525,0.5579300189327536,0
20240627SSLG0,2024-06-27,LG,삼성,1531.2168660257535,1545.8909666155814,0,0.5,0.5,0.5195492375712387,0.5588959310291054,1
20240628SSKT0,2024-06-28,KT,삼성,1541.6389696339265,1494.7909648416992,0,0.6,0.6,0.5207702526822623,0.4457763552533646,0
20240630SSKT2,2024-06-30,KT,삼성,1530.2986886822691,1506.1312457933566,0,0.6,0.7,0.5192483189636712,0.44739909730685307,0
20240630SSKT1,2024-06-30,KT,삼성,1519.6042134775587,1516.825720998067,0,0.6,0.7,0.5178970770940954,0.4486574185968044,0
20240702HTSS0,2024-07-02,삼성,KIA,1519.5242437403012,1525.3958433056673,0,0.55,0.45,0.5178060557418219,0.54836435384432,0
20240703HTSS0,2024-07-03,삼성,KIA,1509.6932258736745,1535.226861172294,0,0.45,0.45,0.5124980471801281,0.5520227024238031,0
20240704HTSS0,2024-07-04,삼성,KIA,1500.4268227225407,1544.4932643234279,0,0.35,0.55,0.5098755798855165,0.5536318876588628,0
20240710NCSS0,2024-07-10,삼성,NC,1491.688399236611,1478.4070644941946,0,0.25,0.5,0.5036540316000296,0.5174163167220914,1
20240711NCSS0,2024-07-11,삼성,NC,1501.3063177860022,1468.7891459448035,0,0.25,0.4,0.5142488873345104,0.5068024062933827,1
20240712SSOB0,2024-07-12,두산,삼성,1510.3731215194432,1518.8275609765092,0,0.35,0.5,0.516427489326539,0.5470048908145105,1
20240713SSOB0,2024-07-13,두산,삼성,1520.616411829362,1508.5842706665903,0,0.45,0.5,0.5207762435357467,0.5421191064351597,0
20240714SSOB0,2024-07-14,두산,삼성,1510.2702373493362,1518.9304451466162,0,0.35,0.5,0.5159412771696841,0.5457372533393392,1
20240717SSHT0,2024-07-17,KIA,삼성,1520.5194465566567,1562.772315755402,0,0.45,0.7,0.5203076452910915,0.5601174449866548,0
20240718SSHT0,2024-07-18,KIA,삼성,1511.7296216619457,1571.562140650113,0,0.45,0.8,0.514425409805781,0.5640623935699203,0
20240719LTSS0,2024-07-19,삼성,롯데,1503.4349153105882,1484.2398752792897,0,0.4,0.3,0.5076498255051513,0.5149220489977728,0
20240720LTSS0,2024-07-20,삼성,롯데,1492.8829990742718,1494.791791515606,0,0.4,0.4,0.5032223081094177,0.5188612099644128,1
20240721LTSS0,2024-07-21,삼성,롯데,1502.9379379842874,1484.7368526055905,0,0.5,0.4,0.5209113498757568,0.5010214493939122,1
20240723SSHH0,2024-07-23,한화,삼성,1512.4145473445205,1419.9811801325316,0,0.6,0.2,0.5217064124079399,0.4734339086464123,0
20240724SSHH0,2024-07-24,한화,삼성,1499.8151421330597,1432.5805853439924,0,0.5,0.2,0.5204413492126527,0.4747380832207743,0
20240726KTSS0,2024-07-26,삼성,KT,1487.9037760533467,1572.65514174412,0,0.4,0.8,0.5193213676097864,0.459614531664985,0
20240727KTSS0,2024-07-27,삼성,KT,1480.2958576051392,1580.2630601923277,0,0.3,0.9,0.5161900860303155,0.4625992800011206,1
20240728KTSS0,2024-07-28,삼성,KT,1493.0962876699673,1567.4626301274996,0,0.4,0.8,0.5171148227078345,0.46184508373734834,0
20240730SSLG0,2024-07-30,LG,삼성,1485.2046234328984,1532.3442762761917,0,0.3,0.7,0.5159959050483076,0.5464112250404749,1
20240731SSLG0,2024-07-31,LG,삼성,1496.5531469695893,1520.9957527395009,0,0.4,0.7,0.521815005292421,0.5403188586661547,0
20240801SSLG0,2024-08-01,LG,삼성,1487.255503366545,1530.293396342545,0,0.4,0.8,0.5156211862338296,0.545360824742268,1
20240802SKSS0,2024-08-02,삼성,SSG,1498.4879362422273,1506.9288759611748,0,0.5,0.6,0.5222973417709617,0.4628799382741383,1
20240803SKSS0,2024-08-03,삼성,SSG,1508.730838228068,1496.685973975334,0,0.5,0.5,0.523109033227584,0.46221625722121723,1
20240804SKSS0,2024-08-04,삼성,SSG,1518.384297987382,1487.03251421602,0,0.5,0.5,0.5303325719013616,0.45568241213624944,1
20240806HHSS0,2024-08-06,삼성,한화,1527.4843624650634,1496.9267258218504,0,0.6,0.7,0.5346999015493213,0.5009182728712344,0
20240807HHSS0,2024-08-07,삼성,한화,1516.6071038413215,1507.8039844455923,0,0.6,0.8,0.531508545098174,0.5036297162431449,1
20240808HHSS0,2024-08-08,삼성,한화,1526.353783904509,1498.0573043824047,0,0.7,0.8,0.5346930600527423,0.5,0
20240809SSHT0,2024-08-09,KIA,삼성,1515.5411417388752,1526.4132268602855,0,0.6,0.3,0.5325740587749321,0.5390283177778014,0
20240811SSHT0,2024-08-11,KIA,삼성,1505.853963403341,1536.1004051958198,0,0.6,0.4,0.5311917167647429,0.5392965590630406,1
20240813KTSS0,2024-08-13,삼성,KT,1516.7223333540385,1530.1473327497627,0,0.6,0.4,0.5318261049166169,0.45356991343689695,1
20240814KTSS0,2024-08-14,삼성,KT,1527.1085437037607,1519.7611224000404,0,0.7,0.4,0.5359499061587281,0.4498834010218787,1
20240815KTSS0,2024-08-15,삼성,KT,1536.897099438954,1509.9725666648471,0,0.7,0.4,0.537567129201451,0.44844150604526467,0
20240816SSNC0,2024-08-16,NC,삼성,1526.123696690289,1417.6470805266506,0,0.6,0.1,0.5355760575718329,0.4931975937066173,1
20240817SSNC0,2024-08-17,NC,삼성,1533.099135779187,1410.6716414377527,0,0.6,0.1,0.5387015480619225,0.4898829918819398,1
20240818SSNC0,2024-08-18,NC,삼성,1539.7143375267076,1404.056439690232,0,0.6,0.1,0.5392555593807804,0.48912262619784147,1
20240820OBSS0,2024-08-20,삼성,두산,1545.9968149744607,1504.0574862000715,0,0.7,0.6,0.5406794878804709,0.5225566048814031,1
20240821OBSS0,2024-08-21,삼성,두산,1554.7955330920768,1495.2587680824554,0,0.7,0.5,0.5431033619062204,0.5201781130620262,0
20240823LTSS0,2024-08-23,삼성,롯데,1543.0985055798728,1500.7635798207457,0,0.7,0.5,0.540338188856066,0.5145365069590494,1
20240824LTSS0,2024-08-24,삼성,롯데,1551.8860033522767,1491.9760820483418,0,0.8,0.5,0.5417330813529893,0.5128389744276687,0
20240825LTSS0,2024-08-25,삼성,롯데,1540.17854675364,1503.6835386469786,0,0.7,0.5,0.5346689733836154,0.5190407108532051,1
20240827SSWO0,2024-08-27,키움,삼성,1549.1319822891255,1483.20599455921,0,0.7,0.4,0.5383109511762444,0.43625450576614194,1
20240828SSWO0,2024-08-28,키움,삼성,1557.2569298510566,1475.081046997279,0,0.7,0.4,0.5390917907770796,0.4354867074259806,1
20240829SSWO0,2024-08-29,키움,삼성,1564.9348578488482,1467.4031189994873,0,0.8,0.4,0.5418618662290041,0.4329802824764737,1
20240831HTSS0,2024-08-31,삼성,KIA,1572.1991546738018,1555.1633231123756,0,0.8,0.7,0.5426297402925678,0.5443885202457013,0
20240901HTSS0,2024-09-01,삼성,KIA,1561.7092166065156,1565.6532611796617,0,0.7,0.7,0.5401243178698568,0.5449160489196418,0
20240903LTSS0,2024-09-03,삼성,롯데,1551.8227304585723,1533.9631799351566,0,0.6,0.6,0.5390029861661283,0.5201561062637639,1
20240904OBSS0,2024-09-04,삼성,두산,1561.3091435548533,1456.971352193264,0,0.6,0.3,0.5419167604266765,0.5129474690854595,1
20240906SSLT0,2024-09-06,롯데,삼성,1568.3931962819438,1524.1651348563473,0,0.7,0.6,0.5446636323663977,0.5109396095253598,1
20240907NCSS0,2024-09-07,삼성,NC,1577.127042281129,1445.523992491055,0,0.7,0.6,0.5481636139318592,0.5108919537175021,0
20240908NCSS0,2024-09-08,삼성,NC,1563.5105323060209,1459.140502466163,0,0.7,0.6,0.5417520565738202,0.5165779936371602,1
20240911SSHH0,2024-09-11,한화,삼성,1570.5937360549237,1501.15368781075,0,0.7,0.4,0.547368743122832,0.4868251280622415,1
20240912SSHH0,2024-09-12,한화,삼성,1578.6212848611378,1493.1261390045358,0,0.7,0.3,0.553656286968901,0.4803996925441968,1
20240914SSSK0,2024-09-14,SSG,삼성,1586.2090309172015,1455.4510450655964,0,0.7,0.45,0.5577555286610189,0.43934309453993686,0
20240915SSSK0,2024-09-15,SSG,삼성,1572.6136811824956,1469.0463948003023,0,0.6,0.55,0.55546520548882,0.4415400227641011,0
20240917SSOB0,2024-09-17,두산,삼성,1559.7180382750696,1473.7542696216092,0,0.6,0.4,0.5509827012730812,0.5139442889676753,0
20240918SSKT0,2024-09-18,KT,삼성,1547.2930852877057,1534.2416724319592,0,0.6,0.6,0.5477138601832978,0.47114562161723683,1
20240919SSKT0,2024-09-19,KT,삼성,1556.9176120261723,1524.6171456934926,0,0.6,0.6,0.5486475740239344,0.47008669484846316,0
20240922WOSS0,2024-09-22,삼성,키움,1545.9905990869042,1430.379978173288,0,0.5,0.3,0.5432150804977249,0.42167237356916093,1
20240923SSHT0,2024-09-23,KIA,삼성,1552.7806661176853,1579.2091677268136,0,0.5,0.7,0.5433962264150943,0.5597465051258155,0
20240924SSHT0,2024-09-24,KIA,삼성,1543.539875781926,1588.449958062573,0,0.5,0.7,0.5417935924987186,0.5607110619936987,0
20240925WOSS0,2024-09-25,삼성,키움,1534.825340396735,1435.3042976867061,0,0.4,0.4,0.537489822030941,0.4231003794384231,1
20240928LGSS0,2024-09-28,삼성,LG,1542.0367490123708,1508.2591505475039,0,0.4,0.6,0.5392878807374865,0.547884438732604,0
20250322WOSS0,2025-03-22,삼성,키움,1531.0676030085183,1399.6804034978456,0,0.5,0.5,0.5,0.5,1
20250323WOSS0,2025-03-23,삼성,키움,1537.4564943526009,1393.291512153763,0,1.0,0.0,0.8711340206185567,0.12886597938144329,1
20250325NCSS0,2025-03-25,삼성,NC,1543.5299017664554,1400.7231842500482,0,1.0,0.5,0.8,0.22477064220183487,1
20250326NCSS0,2025-03-26,삼성,NC,1549.6364262850325,1394.6166597314711,0,1.0,0.3333333333333333,0.8332371609924986,0.16494845360824742,0
20250327NCSS0,2025-03-27,삼성,NC,1535.448864499943,1408.8042215165606,0,0.75,0.5,0.7559547051932839,0.2686366689053056,0
20250328SSOB0,2025-03-28,두산,삼성,1521.9570381823373,1497.7461016689856,0,0.6,0.2,0.6494454963483905,0.2905788876276958,0
20250329SSOB0,2025-03-29,두산,삼성,1511.2613171789294,1508.4418226723935,0,0.5,0.3333333333333333,0.6244473342002601,0.34141201264488935,1
20250330SSOB0,2025-03-30,두산,삼성,1521.1801673850593,1498.5229724662636,0,0.5714285714285714,0.2857142857142857,0.7060984570168993,0.21691973969631237,1
20250402SSHT0,2025-04-02,KIA,삼성,1530.528963754887,1533.9541891808146,0,0.625,0.375,0.705460010018367,0.47960033305578686,1
20250403SSHT0,2025-04-03,KIA,삼성,1540.6275464736698,1523.8556064620318,0,0.6666666666666666,0.3333333333333333,0.7109153352247275,0.46159527326440175,0
20250404HHSS0,2025-04-04,삼성,한화,1530.1451858642956,1451.0591728691104,0,0.6,0.3,0.6892671261780842,0.3288590604026846,1
20250405HHSS0,2025-04-05,삼성,한화,1537.9074240356827,1443.2969346977234,0,0.6,0.2,0.7180239979576206,0.27910288358846563,0
20250406HHSS0,2025-04-06,삼성,한화,1525.249686046151,1455.954672687255,0,0.5,0.3,0.6923076923076923,0.3201777313120753,1
20250408SKSS0,2025-04-08,삼성,SSG,1533.2812472128342,1557.8414769381948,0,0.5,0.7,0.7395730999374832,0.6194570135746607,1
20250409SKSS0,2025-04-09,삼성,SSG,1543.9869723183665,1547.1357518326624,0,0.6,0.6,0.7472185481988641,0.5524861878453039,0
20250410SKSS0,2025-04-10,삼성,SSG,1534.0775989967633,1557.0451251542656,0,0.6,0.6,0.7313633310946944,0.574580484773151,1
20250411SSKT0,2025-04-11,KT,삼성,1544.7376962805088,1519.2790517058686,0,0.7,0.45,0.7302077484559236,0.5,0
20250413SSKT0,2025-04-13,KT,삼성,1534.0062462563671,1530.0105017300102,0,0.6,0.45,0.7106484465643934,0.5192236598890942,0
20250415SSLG0,2025-04-15,LG,삼성,1523.8912445543053,1586.4247510562293,0,0.5,0.7,0.6942452234781112,0.8543794045735653,0
20250416SSLG0,2025-04-16,LG,삼성,1515.6719167052356,1594.644078905299,0,0.4,0.8,0.6768852092190647,0.8610062461390624,0
20250417SSLG0,2025-04-17,LG,삼성,1507.9065655091767,1602.4094301013579,0,0.4,0.8,0.6182965299684543,0.8743815752061416,1
20250418LTSS0,2025-04-18,삼성,롯데,1520.5614243800583,1513.3158237825985,0,0.4,0.6,0.627065976131502,0.43744479055279184,0
20250419LTSS0,2025-04-19,삼성,롯데,1510.3529094585763,1523.5243387040805,0,0.4,0.7,0.5909773808530173,0.47224363916730916,1
20250420LTSS0,2025-04-20,삼성,롯데,1520.7318321546597,1513.145416007997,0,0.4,0.7,0.6153078202995008,0.4434137996578597,0
20250423HTSS0,2025-04-23,삼성,KIA,1510.513512241841,1543.4840032317081,0,0.3,0.6,0.6079553384508025,0.44030640314867325,1
20250424HTSS0,2025-04-24,삼성,KIA,1521.459640874864,1532.5378745986852,0,0.4,0.5,0.6235597869937066,0.4208560311284047,1
20250425NCSS0,2025-04-25,삼성,NC,1531.778390056045,1420.2818260250056,0,0.4,0.4,0.655868481336747,0.35163250993532297,1
20250426NCSS0,2025-04-26,삼성,NC,1538.6750686154617,1413.385147465589,0,0.5,0.3,0.6605460603590863,0.34553892012736265,1
20250427NCSS0,2025-04-27,삼성,NC,1545.2175265920944,1406.8426894889562,0,0.6,0.3,0.6801776790671848,0.3220255045190046,1
20250429SSSK0,2025-04-29,SSG,삼성,1551.4328081479584,1498.9907161154408,0,0.7,0.4,0.685337153381766,0.44291848814267476,1
20250430SSSK0,2025-04-30,SSG,삼성,1559.9347628325418,1490.4887614308575,0,0.8,0.4,0.6888751717409052,0.43533758817601614,0
20250501SSSK0,2025-05-01,SSG,삼성,1557.9621469599772,1492.461377303422,0,0.75,0.45,0.6823507635354003,0.4385059216519891,0
20250502OBSS0,2025-05-02,삼성,두산,1546.0989056934666,1469.621346188193,0,0.75,0.35,0.6714677146050402,0.48666903661571276,1
20250503OBSS0,2025-05-03,삼성,두산,1553.9325803104211,1461.7876715712384,0,0.75,0.35,0.6784478327908172,0.47404348558907805,0
20250504OBSS0,2025-05-04,삼성,두산,1541.3409182781306,1474.379333603529,0,0.75,0.45,0.661714833992291,0.4904770542354435,0
20250505SSHH0,2025-05-05,한화,삼성,1529.4371230698728,1572.5779150634842,0,0.65,0.8,0.641492320715927,0.605663421098116,0
20250506SSHH0,2025-05-06,한화,삼성,1520.672472526253,1581.342565607104,0,0.55,0.8,0.6348188094462058,0.6113654125265156,0
20250507SSHH0,2025-05-07,한화,삼성,1512.4011627842185,1589.6138753491384,0,0.45,0.8,0.6282527881040892,0.6168767923813646,0
20250510LGSS2,2025-05-10,삼성,LG,1504.5876452998195,1527.1660670396911,0,0.35,0.3,0.613098425618507,0.7359528189179452,0
20250510LGSS1,2025-05-10,삼성,LG,1495.2365912370963,1536.5171211024144,0,0.25,0.4,0.60424046744487,0.7404603936805836,0
20250511LGSS0,2025-05-11,삼성,LG,1486.41918076019,1545.3345315793206,0,0.15,0.5,0.599497512562186,0.7371840528098671,0
20250513KTSS0,2025-05-13,삼성,KT,1478.0988323705392,1472.492033313803,0,0.1,0.3,0.5897302104951082,0.5163890381515315,1
20250514KTSS0,2025-05-14,삼성,KT,1487.9374697287833,1462.6533959555588,0,0.2,0.25,0.5927142124166239,0.5095837841148013,0
20250515KTSS0,2025-05-15,삼성,KT,1477.2110175571527,1473.3798481271895,0,0.1,0.35,0.5893231139432289,0.5125766264583745,1
20250517SSLT1,2025-05-17,롯데,삼성,1487.1007521061154,1535.7212562961147,0,0.2,0.55,0.6156516843389321,0.5023094565043469,0
20250517SSLT2,2025-05-17,롯데,삼성,1478.4910985850952,1544.3309098171349,0,0.2,0.65,0.6083180851589931,0.5067412666511811,0
20250518SSLT0,2025-05-18,롯데,삼성,1470.3637577579132,1552.4582506443169,0,0.2,0.75,0.6027865843484065,0.5086949947073945,0
20250520SSWO0,2025-05-20,키움,삼성,1462.6836133609957,1356.7603946949164,0,0.2,0.2,0.5946771729516764,0.23254311736967895,1
20250521SSWO0,2025-05-21,키움,삼성,1469.7259695902383,1349.7180384656738,0,0.3,0.1,0.599009900990099,0.23195362174292483,1
20250522SSWO0,2025-05-22,키움,삼성,1476.4029780277922,1343.0410300281198,0,0.4,0.1,0.6075556926051555,0.22756205596295126,1
20250523HTSS0,2025-05-23,삼성,KIA,1482.7425450228175,1526.415730822238,0,0.5,0.6,0.6110693548520314,0.472992700729927,0
20250524HTSS0,2025-05-24,삼성,KIA,1473.992981286454,1535.1652945586013,0,0.5,0.7,0.6063392436842931,0.4759439153945542,1
20250525HTSS0,2025-05-25,삼성,KIA,1485.7356911198221,1523.4225847252333,0,0.5,0.6,0.6114217371804455,0.468049739765471,1
20250527LTSS0,2025-05-27,삼성,롯데,1496.8161727522745,1549.4919332660547,0,0.6,0.55,0.6122297886689,0.508943828278497,1
20250529LTSS0,2025-05-29,삼성,롯데,1508.3207919938307,1537.9873140244986,0,0.6,0.55,0.6174271519678658,0.501757463816013,1
20250530SSLG0,2025-05-30,LG,삼성,1519.172593990495,1567.9129770864938,0,0.7,0.65,0.6255000974979996,0.7047556483935017,1
20250531SSLG0,2025-05-31,LG,삼성,1530.5663240010306,1556.5192470759582,0,0.8,0.55,0.6256864261280979,0.7005181347150259,1
20250601SSLG0,2025-06-01,LG,삼성,1541.3119229077474,1545.7736481692414,0,0.9,0.45,0.6278051906440244,0.695023262371352,1
20250603SSSK0,2025-06-03,SSG,삼성,1551.4403346248214,1548.1075685418643,0,0.9,0.55,0.6289852026751388,0.5127638773219394,0
20250604SSSK0,2025-06-04,SSG,삼성,1541.3444128481374,1558.2034903185483,0,0.8,0.65,0.6234924998505946,0.5166620383226881,0
20250605SSSK0,2025-06-05,SSG,삼성,1531.8292756094102,1567.7186275572756,0,0.7,0.75,0.6175022499867647,0.5226687515402854,1
20250606NCSS0,2025-06-06,삼성,NC,1542.858595694046,1470.184604108345,0,0.8,0.25,0.620004058794538,0.4385059216519891,1
20250607NCSS0,2025-06-07,삼성,NC,1550.7968519964413,1462.2463478059497,0,0.8,0.25,0.6244842893689437,0.43271640005979967,0
20250608NCSS0,2025-06-08,삼성,NC,1538.3019524385518,1474.7412473638392,0,0.7,0.3,0.6146547486269763,0.4413793103448276,1
20250610SSHT0,2025-06-10,KIA,삼성,1546.4926677326396,1525.0727545737145,0,0.7,0.55,0.6160409556313993,0.5017211652970417,1
20250611SSHT0,2025-06-11,KIA,삼성,1555.8769329919317,1515.6884893144224,0,0.7,0.5,0.6269191402251791,0.48811712828198406,0
20250612SSHT0,2025-06-12,KIA,삼성,1544.7253480660781,1526.840074240276,0,0.6,0.6,0.6206091092462086,0.49331133605503047,1
20250614KTSS0,2025-06-14,삼성,KT,1554.211022741912,1517.2920676647302,0,0.6,0.4,0.6215660356885684,0.5323402055192916,0
20250615KTSS0,2025-06-15,삼성,KT,1543.1523912997766,1528.3506991068657,0,0.5,0.5,0.6087596718804178,0.543852077463269,0
20250617OBSS0,2025-06-17,삼성,두산,1532.7266219101875,1438.9746068580278,0,0.5,0.4,0.5880288800240517,0.44461538461538463,1
20250618OBSS0,2025-06-18,삼성,두산,1540.0918625109673,1431.609366257248,0,0.6,0.4,0.6021559072202228,0.4283713230612505,1
20250619OBSS0,2025-06-19,삼성,두산,1547.0671478403149,1424.6340809279004,0,0.6,0.3,0.6050727218634899,0.42472171374857765,0
20250620SSLT0,2025-06-20,롯데,삼성,1533.6822075729472,1528.949921752349,0,0.5,0.7,0.6012140575079872,0.48916116524816966,0
20250622SSLT0,2025-06-22,롯데,삼성,1523.5460098605313,1539.0861194647648,0,0.5,0.7,0.5979129294062794,0.4919142753359971,0
20250625HHSS0,2025-06-25,삼성,한화,1513.9929921321636,1558.8568016962752,0,0.4,0.65,0.5918803986206844,0.5972326574933778,1
20250626HHSS0,2025-06-26,삼성,한화,1525.2771468962264,1547.5726469322124,0,0.4,0.65,0.5974181527814746,0.587836252319901,0
20250627SSWO0,2025-06-27,키움,삼성,1515.9179835588193,1369.2037280949016,0,0.4,0.25,0.5942560867624351,0.24767488879902952,0
20250628SSWO0,2025-06-28,키움,삼성,1501.9295092831894,1383.1922023705315,0,0.3,0.35,0.5918297349344214,0.25124578937111997,0
20250629SSWO0,2025-06-29,키움,삼성,1488.63909033925,1396.4826213144709,0,0.3,0.45,0.5790748729278677,0.2631232876712329,0
20250701SSOB0,2025-07-01,두산,삼성,1476.0471179265048,1440.438086774725,0,0.3,0.4,0.573528083120012,0.4298098338187425,1
20250702SSOB0,2025-07-02,두산,삼성,1485.0257813008047,1431.459423400425,0,0.3,0.4,0.5768600934999075,0.4262300619253143,0
20250703SSOB0,2025-07-03,두산,삼성,1473.4961186300513,1442.9890860711785,0,0.2,0.5,0.5700750098697197,0.43344883173673776,1
20250704LGSS0,2025-07-04,삼성,LG,1482.6203053184024,1491.45340491874,0,0.3,0.4,0.5716884231949502,0.6295725703291379,1
20250705LGSS0,2025-07-05,삼성,LG,1492.874487599249,1481.1992226378934,0,0.4,0.4,0.5749510370109978,0.6249690057029507,1
20250706LGSS0,2025-07-06,삼성,LG,1502.5385728938998,1471.5351373432427,0,0.5,0.3,0.5749754634595459,0.6216800524995586,0
20250708SSNC0,2025-07-08,NC,삼성,1491.6485833322913,1492.926190064303,0,0.4,0.45,0.572015228259144,0.4633867605606826,0
20250709SSNC0,2025-07-09,NC,삼성,1481.6853556442425,1502.8894177523518,0,0.4,0.55,0.5692096377267785,0.4654733560263304,0
20250710SSNC0,2025-07-10,NC,삼성,1472.2949010104676,1512.2798723861267,0,0.4,0.55,0.565428357831363,0.4692787419474784,0
20250720WOSS0,2025-07-20,삼성,키움,1463.4407068081855,1388.0654210443329,0,0.4,0.3,0.5621840494188859,0.2701395060502667,1
20250722SKSS0,2025-07-22,삼성,SSG,1471.3046392182607,1493.2307516587405,0,0.5,0.4,0.5660705906887024,0.514282799428688,1
20250723SKSS0,2025-07-23,삼성,SSG,1481.9348869956655,1482.6005038813357,0,0.5,0.3,0.5674109429923561,0.5112345367331482,1
20250724SKSS0,2025-07-24,삼성,SSG,1491.9540449662095,1472.5813459107917,0,0.6,0.3,0.5766394551406949,0.49861304011603524,0
20250725SSKT0,2025-07-25,KT,삼성,1481.3970310125687,1522.5061632131258,0,0.5,0.5,0.5741155914309269,0.537981857705965,0
20250726SSKT0,2025-07-26,KT,삼성,1472.5747560229022,1531.3284382027923,0,0.4,0.6,0.5698315467075038,0.5409936802865714,1
20250727SSKT0,2025-07-27,KT,삼성,1484.2498853600257,1519.6533088656688,0,0.4,0.6,0.5807237794937695,0.5273930016324793,0
20250729SSHH0,2025-07-29,한화,삼성,1475.265365499597,1579.997202586535,0,0.4,0.65,0.5790692758072373,0.601434305824432,1
20250730SSHH0,2025-07-30,한화,삼성,1488.1916865417033,1567.0708815444286,0,0.5,0.55,0.585445528349562,0.591694228954422,0
20250731SSHH0,2025-07-31,한화,삼성,1480.4237930034305,1574.8387750827014,0,0.5,0.55,0.5798230693733263,0.597105864432597,0
20250801LGSS0,2025-08-01,삼성,LG,1473.0763005378667,1562.2438554689313,0,0.5,0.9,0.572982330363622,0.6472562410329986,0
20250802LGSS0,2025-08-02,삼성,LG,1465.5878473652072,1569.7323086415909,0,0.4,0.9,0.5704797111713797,0.6483585186460412,0
20250803LGSS0,2025-08-03,삼성,LG,1458.4987024595932,1576.8214535472048,0,0.3,0.9,0.5690969676631963,0.6485994711603101,0
20250805SSSK0,2025-08-05,SSG,삼성,1451.7784772008984,1518.6456553729806,0,0.2,0.75,0.565425936110633,0.5213202873966558,1
20250806SSSK0,2025-08-06,SSG,삼성,1463.6796535207184,1506.7444790531606,0,0.3,0.65,0.5689159789792642,0.5161448578666263,0
20250807SSSK0,2025-08-07,SSG,삼성,1454.9128497962358,1515.5112827776431,0,0.3,0.75,0.5673008504211561,0.5171939311277143,1
20250808SSKT0,2025-08-08,KT,삼성,1466.6395390758557,1498.5343791727357,0,0.3,0.35,0.5717707363651982,0.4946064136549082,1
20250809SSKT0,2025-08-09,KT,삼성,1477.5549762342887,1487.6189420143028,0,0.4,0.25,0.5748238578541656,0.49041621588519874,0
20250810SSKT0,2025-08-10,KT,삼성,1467.8445594666357,1497.3293587819558,0,0.3,0.35,0.5725916925291582,0.4925772913016784,0
20250812HTSS0,2025-08-12,삼성,KIA,1458.691168782272,1492.5133992774195,0,0.3,0.45,0.5650877535508011,0.4919844829871053,0
20250813HTSS0,2025-08-13,삼성,KIA,1449.6615873177184,1501.542980741973,0,0.3,0.55,0.5608784081429897,0.49601599949207964,0
20250814HTSS0,2025-08-14,삼성,KIA,1441.1438527925607,1510.0607152671307,0,0.3,0.65,0.5526867432405821,0.5039447117909536,0
20250815SSLT0,2025-08-15,롯데,삼성,1433.1018270608236,1480.9177911922936,0,0.3,0.3,0.5463455218006394,0.4821987092242174,1
20250816SSLT0,2025-08-16,롯데,삼성,1444.469457372764,1469.5501608803531,0,0.4,0.2,0.5513141197396373,0.47688562812076096,1
20250817SSLT0,2025-08-17,롯데,삼성,1455.1900867213444,1458.8295315317728,0,0.4,0.1,0.5538466857992462,0.4742344388144181,0
20250819SSNC0,2025-08-19,NC,삼성,1455.2948345321702,1510.7687038855008,0,0.45,0.5,0.5530607722935816,0.4802943961988539,1
20250820SSNC0,2025-08-20,NC,삼성,1466.878069618035,1499.185468799636,0,0.45,0.5,0.5562868349858778,0.4768806979459706,1
20250821SSNC0,2025-08-21,NC,삼성,1477.8052803855867,1488.2582580320843,0,0.45,0.5,0.5568288497739581,0.4761409183601716,0
20250822WOSS0,2025-08-22,삼성,키움,1468.1060505227513,1434.2549255414128,0,0.45,0.6,0.5544481824501962,0.29817520434335126,1
20250823WOSS0,2025-08-23,삼성,키움,1477.1348081755411,1425.226167888623,0,0.55,0.6,0.5592404940146773,0.2953303314544852,1
20250824WOSS0,2025-08-24,삼성,키움,1485.6517757122224,1416.7092003519417,0,0.65,0.5,0.5616643319577481,0.29553191709522875,1
20250826SSOB0,2025-08-26,두산,삼성,1493.6930897499667,1513.4384452924583,0,0.75,0.7,0.5636433855203351,0.48630393996247656,1
20250827SSOB0,2025-08-27,두산,삼성,1504.260795697901,1502.870739344524,0,0.85,0.6,0.5665973462991711,0.48277936185772863,1
20250828SSOB0,2025-08-28,두산,삼성,1514.2207868734063,1492.9107481690187,0,0.85,0.5,0.5765985622668459,0.47140088956535364,0
20250829SSHH0,2025-08-29,한화,삼성,1503.6082026452152,1553.038053765562,0,0.75,0.5,0.5749510370109978,0.5906927976482117,1
20250830SSHH0,2025-08-30,한화,삼성,1515.021386258888,1541.6248701518891,0,0.8,0.5,0.5760933289661645,0.5880636420482179,1
20250831SSHH0,2025-08-31,한화,삼성,1525.7856030964806,1530.8606533142965,0,0.8,0.5,0.5791007698551295,0.5838807342965546,1
20250903WOSS0,2025-09-03,삼성,키움,1535.931664395514,1409.297115450603,0,0.8,0.2,0.5802022381016584,0.29342197951900517,0
20250905WOSS0,2025-09-05,삼성,키움,1522.440093186414,1422.788686659703,0,0.8,0.3,0.5789448425262457,0.2951219512195122,1
20250906HHSS0,2025-09-06,삼성,한화,1529.6480417699747,1538.2175038517955,0,0.8,0.7,0.5822285679885462,0.5961718866878459,0
20250907HHSS0,2025-09-07,삼성,한화,1519.8946407108274,1547.9709049109429,0,0.7,0.7,0.5791439688715954,0.5979231657503318,1
20250910SSHT0,2025-09-10,KIA,삼성,1530.7009861038714,1444.6759793735896,0,0.7,0.4,0.5794912559618441,0.47904147240157163,0
20250911SKSS0,2025-09-11,삼성,SSG,1518.2743742602127,1530.3999635696944,0,0.6,0.6,0.5761089742130778,0.5233790204053731,0
20250913KTSS0,2025-09-13,삼성,KT,1508.6232351458364,1517.7725937544888,0,0.5,0.6,0.5722880798401212,0.4957375028525663,0
20250914KTSS0,2025-09-14,삼성,KT,1498.8865139985678,1527.5093149017573,0,0.5,0.6,0.5702928439359088,0.4974597962388064,1
20250916LTSS0,2025-09-16,삼성,롯데,1509.7084857082677,1451.77859030499,0,0.5,0.35,0.5729308383161055,0.45951569146107263,1
20250918SSNC0,2025-09-18,NC,삼성,1518.0564106439097,1495.9134676565577,0,0.5,0.5,0.5737824681109873,0.46420108065352284,1
20250920SSLG0,2025-09-20,LG,삼성,1527.4199470165483,1599.4299493226788,0,0.5,0.6,0.5760083306989977,0.6656175368676531,1
20250921SSKT0,2025-09-21,KT,삼성,1539.4633847499547,1505.372392684793,0,0.6,0.5,0.5823892777579452,0.4789396573000961,0
20250923OBSS0,2025-09-23,삼성,두산,1528.4853040583005,1454.435073136049,0,0.5,0.2,0.579638217424125,0.4627846053087799,1
20250924LTSS0,2025-09-24,삼성,롯데,1536.3856639502972,1435.425828670978,0,0.6,0.3,0.5803941323667107,0.4626894469259191,1
20250925WOSS0,2025-09-25,삼성,키움,1543.558925337712,1442.8236253486425,0,0.6,0.5,0.5832386625977937,0.31755468702396394,1
20250926SSLT0,2025-09-26,롯데,삼성,1550.738134061417,1422.229131251683,0,0.7,0.3,0.5887444024779693,0.45262479498630487,0
20250928SSWO0,2025-09-28,키움,삼성,1537.1992784819756,1435.6444166249375,0,0.7,0.4,0.5868526954425674,0.31368277739959155,1
20250930HTSS0,2025-09-30,삼성,KIA,1544.3567897320297,1430.4978548851852,0,0.8,0.2,0.5878820032236901,0.4552043064905366,1
20251004SSHT0,2025-10-04,KIA,삼성,1551.1921524012798,1430.3023689778333,0,0.8,0.3,0.5910474183012118,0.45173749189947127,0
